Employee_ID,Attrition_rate
EID_22713,0.20787686714461315
EID_9658,0.11664981305066913
EID_22203,0.19768647381069013
EID_7652,0.24934739385442103
EID_6516,0.22619012565253352
EID_20283,0.15427738289925452
EID_21014,0.19820895220576665
EID_7693,0.18118848771680007
EID_13232,0.1834147404716502
EID_6515,0.2126105629256274
EID_13639,0.1700808132685343
EID_14669,0.18667839615065882
EID_16537,0.2189870673799043
EID_5782,0.19730340904645258
EID_20157,0.17414527967281074
EID_1855,0.24063310617910733
EID_20748,0.2011109947091615
EID_23179,0.19797297140993383
EID_12838,0.20895229771898013
EID_21656,0.16768810698129852
EID_8844,0.20122253922317238
EID_1536,0.20724555545710704
EID_8822,0.15586466464134827
EID_11398,0.24162538830502497
EID_12965,0.1994697602152633
EID_5204,0.19660863027562436
EID_10030,0.19464715837656643
EID_13227,0.170219882441971
EID_20607,0.203284212750843
EID_14070,0.19589789696693302
EID_3755,0.2253271385232849
EID_5459,0.256431639595439
EID_7697,0.1869177466263283
EID_3935,0.1872644371894609
EID_19046,0.17848338554462784
EID_4040,0.2073335586301197
EID_17730,0.15835627588365483
EID_4995,0.15911547405101123
EID_24653,0.17726234942721045
EID_6978,0.13562204935445835
EID_13775,0.19705718996529145
EID_14608,0.18521954072962044
EID_3148,0.21505035090420785
EID_24868,0.23074459630669325
EID_5521,0.19939911230732899
EID_21155,0.1946248112146049
EID_3840,0.18986404795010225
EID_10646,0.17167261814350934
EID_6711,0.23008822972214657
EID_16247,0.16100702241329012
EID_16789,0.21104313744390873
EID_17967,0.1618979434509582
EID_13270,0.21078363244986997
EID_18462,0.19205496746729103
EID_22248,0.20840536598634019
EID_22693,0.2059639530420883
EID_25662,0.2358453749124576
EID_23346,0.1833689849774658
EID_4437,0.1350089014004362
EID_18108,0.14979456787851497
EID_7000,0.17963374040236585
EID_22770,0.2002155347468271
EID_7816,0.19036295668230524
EID_19615,0.17001276103394286
EID_23807,0.20892963096590103
EID_16764,0.20999435719586448
EID_16818,0.1828981889520765
EID_22712,0.19124868184085614
EID_18198,0.1915182728760313
EID_11154,0.22959686448753128
EID_22137,0.21096813071182088
EID_11655,0.1897587774721116
EID_18514,0.19644885860847805
EID_24742,0.17612106647118492
EID_16019,0.17866229428418412
EID_7357,0.2207358651565931
EID_20106,0.19192013271288286
EID_13284,0.2013513847145773
EID_5451,0.15592788848972877
EID_19728,0.18979362192454496
EID_9178,0.19080342807053172
EID_13177,0.15897986130113406
EID_14300,0.19613269570604203
EID_4379,0.15598083067116902
EID_11285,0.19426228309466836
EID_14882,0.18914689096118703
EID_9969,0.15453477325249831
EID_23643,0.14971532128099266
EID_5935,0.1437365474229023
EID_7741,0.16878075871534431
EID_6176,0.20805418364670553
EID_5418,0.2005766803010034
EID_20626,0.19648344865869272
EID_1725,0.1846165779486335
EID_14317,0.2109236998708132
EID_12120,0.19371943023709548
EID_20264,0.14455807541378862
EID_16691,0.14200249525336878
EID_1093,0.18728425408593413
EID_2565,0.1926841070547624
EID_11463,0.19405593874351412
EID_12005,0.19215214468227892
EID_10326,0.17570276181819358
EID_12582,0.20060380384814594
EID_18228,0.20091417567396203
EID_11670,0.25391718726952744
EID_24257,0.16770353308155203
EID_7024,0.19375881449763296
EID_10382,0.23000315910139651
EID_20210,0.1750981020397011
EID_10294,0.152227572463112
EID_19941,0.21785871331263482
EID_25572,0.17415473179931473
EID_7758,0.15467864314069973
EID_22718,0.1924101057039282
EID_1078,0.19401434214871172
EID_8227,0.2177682037654712
EID_1702,0.17316875545463595
EID_3532,0.2120114011159713
EID_22452,0.1848088657803957
EID_3019,0.18267907268642047
EID_22264,0.19877081442925598
EID_9866,0.14935443588758895
EID_3520,0.17722375859984624
EID_21098,0.17493319802650406
EID_1186,0.1663723564539927
EID_12355,0.17210015133410017
EID_11020,0.18322052705932124
EID_19193,0.15674743490656382
EID_17787,0.14413623820919363
EID_13719,0.23468793750988254
EID_24449,0.18500745725291773
EID_12957,0.17476777177869768
EID_24794,0.22337589307866207
EID_2866,0.2107329444693781
EID_10563,0.1751428351864105
EID_22492,0.17588095053214584
EID_4106,0.23538478817602396
EID_6648,0.19173461479501422
EID_7209,0.20834840682093614
EID_9692,0.1559518589403826
EID_22763,0.207789836325398
EID_12622,0.18070220372476564
EID_9831,0.1797904984662784
EID_5731,0.1377704743805926
EID_1114,0.1772308810422428
EID_25017,0.19314483248877662
EID_22956,0.16945385735938062
EID_5549,0.19172960683099952
EID_12022,0.18249866226218553
EID_8034,0.1502818220570815
EID_20644,0.1880935316112568
EID_20125,0.19700724861210886
EID_21957,0.19893486405090555
EID_8870,0.14842553395789743
EID_2305,0.22135721729076233
EID_3977,0.20350678261856395
EID_14845,0.1822833478627269
EID_6629,0.21384489826605607
EID_14577,0.1567375922325258
EID_24509,0.16130328239347969
EID_1530,0.15700026332290526
EID_21524,0.25779844222647286
EID_6647,0.1732605477113441
EID_19730,0.18853860939673395
EID_4424,0.1771863510329459
EID_7964,0.1697276679325706
EID_6289,0.20272689950506206
EID_2899,0.1686976480834145
EID_2827,0.13713420034576587
EID_8801,0.18507959709444616
EID_20454,0.22090955769870355
EID_18988,0.19138251773581724
EID_8405,0.1931843641226335
EID_14497,0.17630762104456293
EID_11769,0.2259702804841123
EID_21353,0.17960133747803433
EID_2221,0.21758743797349195
EID_13218,0.1761108810663876
EID_4576,0.20647385042341573
EID_17470,0.22421225947492565
EID_14817,0.20019432884582383
EID_21845,0.2212671534343211
EID_21987,0.17283410163637994
EID_1168,0.1628127985988511
EID_14315,0.2436335094072909
EID_5043,0.22114717561177644
EID_1967,0.17626020969576212
EID_22274,0.19139220816436345
EID_11091,0.1551528016269803
EID_18421,0.21241707007461694
EID_8316,0.1716133751870511
EID_13308,0.23494121448293
EID_19481,0.19908025361478582
EID_17732,0.2121924828626354
EID_4504,0.14189038166033346
EID_2539,0.25713804422709713
EID_19529,0.2135383783719136
EID_2279,0.16989147114219338
EID_14508,0.18685609418945393
EID_12241,0.1921011848673253
EID_11530,0.17920959636070244
EID_20147,0.1446453966462092
EID_6154,0.1705907844583219
EID_3523,0.18373914628541332
EID_20453,0.2179761002975192
EID_11929,0.1913126357486635
EID_12840,0.19537563778271705
EID_22320,0.20667202471366894
EID_25383,0.1621898734955873
EID_10731,0.2463734443190038
EID_1017,0.16051735735129663
EID_1819,0.21440055853182963
EID_22849,0.19731659098015342
EID_12290,0.19544762936431115
EID_24238,0.20179599007061805
EID_3105,0.2053867560882017
EID_14242,0.1843485121482562
EID_16569,0.19517675778033272
EID_8094,0.21637531339616872
EID_7824,0.18095340501729343
EID_8978,0.16483798661145208
EID_25314,0.18081891773620845
EID_17810,0.2206425864946197
EID_14856,0.1388894166172173
EID_22144,0.18123417612342235
EID_23603,0.14600667731287884
EID_7211,0.16517364704667856
EID_19340,0.22079298844355705
EID_1501,0.14635678459061868
EID_22111,0.1799147859903829
EID_16147,0.18770670586861588
EID_16746,0.1843710942440993
EID_20777,0.21364700656718205
EID_12999,0.19485023862909892
EID_21663,0.17614115553942225
EID_11862,0.19684600315053088
EID_17683,0.20652905365091623
EID_19819,0.16543010960201657
EID_21562,0.20564392834922826
EID_24390,0.19895514472196096
EID_14444,0.18954539384020314
EID_3261,0.1715993940438441
EID_7752,0.17857146206574906
EID_3033,0.24714539718733924
EID_22433,0.17268945856324078
EID_23727,0.18294401130673243
EID_24107,0.16458109092418377
EID_22537,0.1984654629764872
EID_13645,0.18576686319849306
EID_16021,0.1750410817952342
EID_19800,0.24245134668607946
EID_1944,0.16871606676033898
EID_15868,0.15746688632062383
EID_22188,0.1818575123531815
EID_13833,0.1976132740384385
EID_15028,0.18311028262261617
EID_24861,0.20762346505638143
EID_13033,0.20412055658446593
EID_23673,0.17514184728878524
EID_13265,0.14164067923752893
EID_23411,0.21725251626851613
EID_3761,0.16335613216487696
EID_7299,0.1809582000420994
EID_2379,0.227890238321406
EID_18863,0.19271936824530983
EID_12115,0.18070585562405994
EID_23879,0.2092042048218644
EID_16586,0.20132774749627913
EID_19003,0.15803238738332193
EID_11107,0.24304490186720737
EID_15416,0.18596423696199987
EID_19214,0.18511055066562743
EID_5135,0.1646015568677581
EID_22464,0.20058393784195794
EID_22759,0.194843240338454
EID_17833,0.2055146848303592
EID_17627,0.21246988588284063
EID_25730,0.17169918154124433
EID_2377,0.20701725079456573
EID_18085,0.18813376227217157
EID_14096,0.1883769193415552
EID_8384,0.2137422992260736
EID_17105,0.17968311575336324
EID_9929,0.19848683568788214
EID_13267,0.21359194970322823
EID_12954,0.1831521947926333
EID_4464,0.20877561801029482
EID_11464,0.17801422921619237
EID_19308,0.14826741787644204
EID_17530,0.15830449110189398
EID_6981,0.1509660090762646
EID_19951,0.18760655001010906
EID_1100,0.16325027367175687
EID_25145,0.19166029574002524
EID_15614,0.19617264650916005
EID_2961,0.22251549729477912
EID_1742,0.1467592086841801
EID_2843,0.19923800418198453
EID_9549,0.2000349253040511
EID_12832,0.18804450257617072
EID_17914,0.20189966438639032
EID_22832,0.1873862188032282
EID_5755,0.1549371576370252
EID_1141,0.22644685358917907
EID_18954,0.16125365801000593
EID_10824,0.14999676654474756
EID_24478,0.16528611459612927
EID_14916,0.1581216817311724
EID_4434,0.19478832555907838
EID_23650,0.2215835082575439
EID_16556,0.1670833913678699
EID_24656,0.17598258616844897
EID_25965,0.19664112891903723
EID_9279,0.20618490759337074
EID_13802,0.20024337629875172
EID_2748,0.2406436347216889
EID_17346,0.2020176683966634
EID_1171,0.18784705291897988
EID_1552,0.16444265105513955
EID_20674,0.19057250832705128
EID_2475,0.22117356444932368
EID_16714,0.12998986342440264
EID_7857,0.17079982825187645
EID_3294,0.18991629666329107
EID_2280,0.15658994883196414
EID_10203,0.1768495368507894
EID_22162,0.18369294716866685
EID_10438,0.18917156156421439
EID_12898,0.2040593608350968
EID_4358,0.17042858468244476
EID_6179,0.15771015780512898
EID_2538,0.18787751985860174
EID_13110,0.17328832599494837
EID_24585,0.19441019352652208
EID_1006,0.156970650459418
EID_11632,0.18274273859131274
EID_21011,0.16313390905322062
EID_16869,0.1933424469970356
EID_20564,0.1845187498647084
EID_12996,0.2023988566045039
EID_1503,0.17175554984644692
EID_23053,0.20128170717881566
EID_22049,0.19249296720600706
EID_4346,0.2520062086584015
EID_1887,0.20495415208916173
EID_16849,0.20587943496427488
EID_10071,0.18561328512710482
EID_11265,0.1725291580860187
EID_12611,0.17486118554047708
EID_25542,0.1809594912205062
EID_11582,0.2163111990918386
EID_19550,0.2065275401116742
EID_5351,0.15049540829461638
EID_3305,0.21497896826432422
EID_18846,0.18984869083588002
EID_24764,0.17669332529251416
EID_2191,0.1546745310422208
EID_6314,0.15660265474359436
EID_23248,0.17276703220600276
EID_4570,0.15232648708714097
EID_16415,0.14176772958612557
EID_11002,0.23038110220941052
EID_20498,0.22482402972925505
EID_7846,0.20340238503793878
EID_24121,0.1800666195105459
EID_7536,0.17667086984501076
EID_2015,0.23972732562005836
EID_7934,0.2193282366811094
EID_20903,0.18477210485320633
EID_17535,0.1897159158279536
EID_19760,0.19791482287022955
EID_9550,0.20034588799048736
EID_4261,0.18537040237853933
EID_19753,0.14755093160423954
EID_13542,0.17733930104444212
EID_24283,0.16831903989514457
EID_7552,0.18479448394921624
EID_11577,0.22447931447383282
EID_3228,0.21204688452766457
EID_17468,0.18178226622436713
EID_15815,0.1793954496499608
EID_2093,0.2001891303196115
EID_21356,0.2026553531363925
EID_12357,0.15822267425764616
EID_18495,0.16091317905994196
EID_5098,0.19619830269218647
EID_12691,0.20933379050080558
EID_13240,0.18102802913549598
EID_19312,0.2065496259821202
EID_23914,0.1674875905293262
EID_23175,0.1431480200162776
EID_15413,0.21402343505689364
EID_4785,0.20280528232115438
EID_25933,0.16601378628707403
EID_22705,0.21081221265772265
EID_19350,0.12786822355516594
EID_5369,0.23032182772286883
EID_20410,0.18154902513038998
EID_12557,0.1884593021337034
EID_17678,0.19078556864116855
EID_1342,0.20106875501227983
EID_12230,0.21313210578799024
EID_1311,0.1811628521156988
EID_5860,0.17992482427708087
EID_4259,0.18584165699297314
EID_10209,0.17650081258617123
EID_2300,0.23041189467507375
EID_17408,0.18203938418061416
EID_1883,0.15379569412131003
EID_1053,0.18618032727381645
EID_23610,0.15669656067022428
EID_17585,0.194896985729812
EID_20845,0.16831809329979716
EID_15683,0.1580333914446806
EID_11976,0.2195300782774124
EID_12031,0.19905928727296396
EID_1711,0.16531119786745269
EID_6239,0.238852369532132
EID_25541,0.19819222850973633
EID_9308,0.20293128069954278
EID_18168,0.19525142136092516
EID_11934,0.2036418050077604
EID_23472,0.2173892109715974
EID_13731,0.16782993077276545
EID_16069,0.1755954631699576
EID_18276,0.16762377455563532
EID_6141,0.22827197907821814
EID_12061,0.21305655660173844
EID_9450,0.16439525080317494
EID_21730,0.19283164873551858
EID_19506,0.17758593627997332
EID_13552,0.18127667995977953
EID_9945,0.16232692022136722
EID_1924,0.18566469326490526
EID_18453,0.19409578522737664
EID_20225,0.21644300368623354
EID_18673,0.1972286607054071
EID_11420,0.2259288239720753
EID_16631,0.20527674092765805
EID_21237,0.18320492074612693
EID_5015,0.13666189140756885
EID_20179,0.21418739802827266
EID_12073,0.20765574057406955
EID_21147,0.1337588254986736
EID_6714,0.20933149123343203
EID_10645,0.18814999341328487
EID_18298,0.19042088279651181
EID_2640,0.1897739455503974
EID_2318,0.22018723760953224
EID_25226,0.1953046333001813
EID_24099,0.21188405575279573
EID_20938,0.21583478065702227
EID_8377,0.20162639766538334
EID_7023,0.20304031692642216
EID_11385,0.19236639071097328
EID_15016,0.164635986681754
EID_25794,0.22375698661958057
EID_11494,0.19750369133054657
EID_2425,0.19498131944848474
EID_9847,0.1805201408671241
EID_3570,0.13460727677972484
EID_13573,0.1895631877110318
EID_13780,0.16062584716686254
EID_2949,0.1592888560336365
EID_19834,0.17221077648429242
EID_11384,0.2085549641750452
EID_23154,0.21317183984436633
EID_9337,0.23286819755120675
EID_3653,0.2070135089225733
EID_4850,0.22248408901640485
EID_16283,0.19869057810720847
EID_5107,0.18911599867131457
EID_25156,0.21848865590525968
EID_17223,0.18176159584576426
EID_14695,0.14191477131785987
EID_11374,0.1639374247224899
EID_13672,0.17096754484972274
EID_6782,0.2259544531616223
EID_25074,0.20907317486998306
EID_21087,0.19912781920767847
EID_13017,0.19698858095449828
EID_9947,0.2111869356267028
EID_21221,0.18122908618916786
EID_21639,0.16621030693761016
EID_20333,0.16101258049451556
EID_2970,0.2280887394393726
EID_7624,0.20073805754732393
EID_15741,0.1803718315929355
EID_1312,0.1417701763011113
EID_19575,0.16502052786558283
EID_21047,0.20560869952897168
EID_11969,0.18346744836880405
EID_19145,0.20509117639663588
EID_9871,0.16962266071616858
EID_18852,0.18817208393759705
EID_22326,0.2123123985895734
EID_7259,0.18248835989104295
EID_21920,0.2035434025018072
EID_1436,0.19720690794204226
EID_8261,0.21186422994328655
EID_23228,0.22765625122087246
EID_5560,0.12222788567111142
EID_22357,0.18339431768639164
EID_4816,0.18209896749513263
EID_10000,0.20923518263276347
EID_21908,0.12831727879773228
EID_14887,0.18162821218606748
EID_12497,0.19686820975859
EID_17976,0.16175026135975565
EID_17356,0.1718791937225707
EID_9785,0.1686306748827597
EID_16224,0.1867512486048508
EID_6020,0.16820235303244505
EID_20716,0.18929663889204046
EID_11351,0.23524201547920073
EID_20899,0.19191455036077446
EID_9718,0.19117881459542072
EID_9479,0.1742798537303544
EID_25048,0.19708442941947207
EID_23370,0.18459361331373
EID_13877,0.2165016814022228
EID_12256,0.16118949256673182
EID_1903,0.17078538393434212
EID_8830,0.16601319056800326
EID_22060,0.16844251963948562
EID_11996,0.19768328361478132
EID_21061,0.19357897282369713
EID_22604,0.1758743247734757
EID_18463,0.18021463821003705
EID_11375,0.20900086391661257
EID_2685,0.20944507699055834
EID_16010,0.19495369167754767
EID_19288,0.22141478818431104
EID_9283,0.22479120132881678
EID_11122,0.16563370645403264
EID_6638,0.23625614811743487
EID_25516,0.18493957911545647
EID_3864,0.18872300793942468
EID_9746,0.17428112473404841
EID_8407,0.21889901477778315
EID_25463,0.19698951216799884
EID_23098,0.16874559240222864
EID_22512,0.17992765480702208
EID_14671,0.19517900331122406
EID_18482,0.19493552721846588
EID_8151,0.20391586081122018
EID_16624,0.1964747098753062
EID_1983,0.1962309649478775
EID_18445,0.22200862981701713
EID_11891,0.22685575013403284
EID_2010,0.16048741503569464
EID_4592,0.2354557193632469
EID_17412,0.1770455650213472
EID_24883,0.14960544088334923
EID_15661,0.1514870071470242
EID_11757,0.20662075982793998
EID_2627,0.20444606884339653
EID_13243,0.2156169865666857
EID_10917,0.1732508847470477
EID_4360,0.2118493040617019
EID_13536,0.18784144484889106
EID_10695,0.19629359925122075
EID_5746,0.1954630149517173
EID_1178,0.22072812310792056
EID_15290,0.2273953512451356
EID_3540,0.20274594246111752
EID_14684,0.18820153750266358
EID_7914,0.17626354884715584
EID_23733,0.1670151527347732
EID_5907,0.2348535028154496
EID_5142,0.21430342685636025
EID_7686,0.19956847605613348
EID_12078,0.20928982005963637
EID_4880,0.16425793620826304
EID_1527,0.14621778589824025
EID_15919,0.1988790894044791
EID_1260,0.1994176529955632
EID_22377,0.18856411304406515
EID_7876,0.13095104833501128
EID_1213,0.11971915239675329
EID_4161,0.17827995893355425
EID_3214,0.14877483996814797
EID_17651,0.17416312292617336
EID_8005,0.11780597648437567
EID_12852,0.18076004181611882
EID_21465,0.19021293040813808
EID_7371,0.22957835232219267
EID_25687,0.18080310487734808
EID_17222,0.16339746390784582
EID_1994,0.20254106933939578
EID_22384,0.18382613077201926
EID_6344,0.178561151859769
EID_18801,0.19569121420739116
EID_13688,0.22021349688358688
EID_13779,0.22570403350590762
EID_24969,0.19475054745284492
EID_15311,0.23078947077673284
EID_9095,0.2348064219479568
EID_11675,0.2029433165881119
EID_14870,0.2241390254362002
EID_1575,0.18895865258885816
EID_7440,0.18600010432611808
EID_24259,0.1890801853527403
EID_19501,0.244369801017437
EID_23743,0.14542773441957485
EID_13287,0.16827673905120522
EID_2226,0.13736963529264526
EID_22439,0.15735598130538442
EID_16078,0.20723408798678036
EID_18895,0.1694023834866476
EID_19860,0.17936081561917575
EID_24564,0.1905064036474346
EID_21747,0.14965060915299744
EID_4659,0.16857466452120742
EID_24149,0.188101839525326
EID_13300,0.19006601749155994
EID_16950,0.20295537518655488
EID_23778,0.19442604699265603
EID_14691,0.1981622801638686
EID_10789,0.19915250917012414
EID_5525,0.20949711549351527
EID_19424,0.17747109999245822
EID_6171,0.21547443104809982
EID_19569,0.18902562303575898
EID_4602,0.20524704727625478
EID_17919,0.20458598229462105
EID_4286,0.1686733958739523
EID_1973,0.2028729484957664
EID_25715,0.18169501183572334
EID_23385,0.23247774281715114
EID_13681,0.20426690424230276
EID_25410,0.2036505399851086
EID_18267,0.18251422870918285
EID_15252,0.17596548265673292
EID_23214,0.21851112766183528
EID_18551,0.21984110770015097
EID_2401,0.21616544128118048
EID_7609,0.2052071695296231
EID_21291,0.18467475589010027
EID_10126,0.16452740877015556
EID_19714,0.20886139889636748
EID_4911,0.1730136267686811
EID_12505,0.21136319505639206
EID_10377,0.179330800407981
EID_3407,0.22289869616107066
EID_3386,0.17933032569002647
EID_7623,0.16574890320820146
EID_19517,0.18999834360705492
EID_21782,0.21277021192792087
EID_12361,0.15778333671997716
EID_21171,0.16484785570501026
EID_17836,0.2118247990118414
EID_20286,0.1896456582362981
EID_25798,0.16290004566080024
EID_15699,0.17592766590025496
EID_17006,0.16247904074582775
EID_22476,0.1769523511151736
EID_9406,0.20561163503535457
EID_13559,0.18848973265539315
EID_1340,0.20509764447550732
EID_17848,0.18390316392454428
EID_20358,0.2146781051675941
EID_14265,0.19383075350281262
EID_9820,0.20173420764079336
EID_13755,0.16718178019258734
EID_13293,0.17350372878366987
EID_25837,0.172905222921846
EID_20466,0.1748990515140349
EID_11032,0.19730840268049166
EID_2399,0.20226015221389973
EID_23917,0.19371874437950332
EID_17011,0.2129299229079041
EID_8967,0.14061512082187266
EID_24468,0.22078983084783127
EID_8435,0.18031644870734292
EID_17953,0.20412737195899688
EID_7140,0.21726003714265937
EID_24404,0.1839399235913306
EID_14380,0.22184711302624135
EID_1232,0.2095820479256992
EID_1573,0.1641862131267488
EID_3684,0.19329811586829918
EID_15824,0.17147747251304285
EID_9212,0.21053062539609035
EID_21121,0.14210716638361845
EID_6346,0.15445319028395413
EID_9525,0.1590131243712486
EID_9726,0.1736823272048155
EID_2526,0.19563407452869888
EID_4228,0.20159488994696265
EID_14595,0.18881725684681355
EID_15856,0.23402177797240184
EID_6768,0.1876219366903623
EID_23953,0.19392140965237822
EID_19059,0.16928489903620436
EID_5268,0.18209349754567708
EID_7619,0.15335002070247633
EID_23028,0.1793256639134314
EID_22104,0.19919189110901847
EID_10318,0.1852525961289388
EID_25369,0.16648208374592588
EID_16633,0.15965099940738034
EID_15848,0.16400610181681588
EID_2240,0.17479211874610565
EID_1059,0.12167686921138124
EID_9315,0.16521727011950138
EID_15388,0.15390004809907512
EID_9984,0.15753501551990237
EID_4296,0.1633573362041928
EID_10927,0.20041584515545208
EID_25054,0.19201372471178962
EID_1884,0.22071102618612348
EID_21960,0.1552539078362915
EID_5572,0.1577511993799732
EID_16872,0.17142790568553462
EID_24525,0.20092995258116442
EID_14237,0.1787735830936064
EID_7114,0.1976822956640752
EID_7448,0.19796612524081114
EID_17668,0.19146847201519746
EID_7674,0.21720107866124588
EID_5884,0.17906968886680263
EID_13942,0.16565585724404924
EID_13098,0.17955597260875267
EID_7695,0.21490695309438934
EID_5350,0.20041126114666213
EID_22853,0.16526073013824003
EID_2385,0.266243319931924
EID_18006,0.19247330760245637
EID_12875,0.19152672879821114
EID_5478,0.2055984547933587
EID_18690,0.161759565494775
EID_12545,0.18520694679946006
EID_13888,0.19015527301394103
EID_9732,0.20964674396401684
EID_18001,0.2013258090966194
EID_17479,0.161017337200101
EID_23757,0.1964997998596663
EID_1303,0.20429034489265593
EID_5375,0.12025159180005973
EID_5869,0.161062629779754
EID_8825,0.1985519119276482
EID_22567,0.2042021198611873
EID_16273,0.1610587686551208
EID_20618,0.21910295826345397
EID_3608,0.16855731222431738
EID_8806,0.16412551949232604
EID_23170,0.17262152528195646
EID_12243,0.20702356566606142
EID_20089,0.18967781877188314
EID_16852,0.18151741752913325
EID_18312,0.179710520745272
EID_14010,0.17721398222112894
EID_14705,0.18528663424845226
EID_20956,0.17924763375453373
EID_18794,0.16072534432448254
EID_1629,0.17177004964589745
EID_25483,0.20025928167548893
EID_4542,0.19961666233582817
EID_10076,0.18366670380808542
EID_9469,0.19106862474915567
EID_25284,0.21783781356288137
EID_11972,0.19442983269592387
EID_1798,0.2048484317672679
EID_21903,0.22936055222891474
EID_20031,0.17526490217819202
EID_20365,0.1729931791580656
EID_9210,0.19197715434036944
EID_19750,0.2152989318001743
EID_4006,0.1907556508717026
EID_24922,0.1750200713254358
EID_4760,0.11834260865807425
EID_11035,0.18467621241027943
EID_21008,0.22411461200342936
EID_23731,0.1902724252966404
EID_21788,0.17542236072868664
EID_5428,0.14594156129167524
EID_14023,0.19562858808333222
EID_2937,0.18139431627305658
EID_16931,0.17120895048560153
EID_18299,0.20668069413988754
EID_6660,0.15778095791197164
EID_23187,0.21708284036008435
EID_14868,0.18112136230767983
EID_23247,0.1850852970018809
EID_15971,0.1802360504575347
EID_7852,0.14860474526361195
EID_7017,0.2035191337669012
EID_7494,0.1340586446485513
EID_18706,0.1841473815171823
EID_22784,0.18990875143241753
EID_10756,0.15744516637910805
EID_6854,0.14797701221631315
EID_12554,0.1811592543379253
EID_1162,0.17465543825899965
EID_19581,0.15301497415739979
EID_2169,0.18263343572601337
EID_25149,0.19723522154109188
EID_22575,0.17993009673457694
EID_2265,0.19519184492537922
EID_19668,0.19137410734251428
EID_19245,0.16457829086817796
EID_8194,0.16864721171059338
EID_8081,0.2072713504122168
EID_8670,0.16728707241279855
EID_7992,0.18012730394141124
EID_6596,0.2295626003580247
EID_3699,0.21536826749406135
EID_9698,0.20814877155453107
EID_1847,0.1533550651852528
EID_16179,0.1633701441190492
EID_23663,0.2283755258701435
EID_24287,0.19440403560794028
EID_3527,0.13569109161472703
EID_18652,0.21247866290590406
EID_24110,0.18922294766941378
EID_21419,0.21539812248287554
EID_12865,0.18983333610437886
EID_9237,0.19675220943595484
EID_20408,0.1822013171598039
EID_22934,0.2218577190555182
EID_6492,0.1899735049493699
EID_20285,0.20526767251811687
EID_1286,0.16127693695078005
EID_12542,0.18454151644741057
EID_5523,0.18542603040676636
EID_1979,0.16636699336429953
EID_23146,0.15215013541642491
EID_4773,0.18619816076977147
EID_8785,0.2289280064993629
EID_4463,0.19739840554801047
EID_24028,0.18157602062920758
EID_20920,0.22269144924593537
EID_21392,0.18319339411992402
EID_4079,0.16841260460221824
EID_5173,0.15811367944914412
EID_22915,0.16801317067488092
EID_18347,0.16549351919238398
EID_7984,0.11996393826247526
EID_25148,0.22322827489433567
EID_4350,0.20564334532604012
EID_6909,0.1457224180442406
EID_10582,0.18869201848824302
EID_6248,0.16617570733747322
EID_10035,0.1858974796891712
EID_24603,0.22522418004469813
EID_1794,0.1298998378719148
EID_9407,0.18840740381628754
EID_2114,0.1992261165551473
EID_21125,0.1599775154672995
EID_15046,0.17657966996401153
EID_8058,0.20953888537187457
EID_1961,0.10101056787246426
EID_23324,0.21462998135629482
EID_21521,0.24870384875878387
EID_11043,0.22888536152157107
EID_6461,0.18348908649996987
EID_10398,0.2202626664853742
EID_20635,0.1548393271621245
EID_22940,0.20576506906173525
EID_8582,0.1546445907357311
EID_12770,0.18168174732751874
EID_15982,0.19536728812907098
EID_19692,0.17785927945816965
EID_18304,0.21183548474803315
EID_13603,0.17719733579928693
EID_6145,0.21042927162081246
EID_16587,0.14794223311602755
EID_16835,0.20487055331268084
EID_8399,0.16887593009700166
EID_7012,0.16280142822299398
EID_20575,0.1589797037122795
EID_20747,0.17209051292031402
EID_3907,0.2179201254931387
EID_22626,0.23388415816064925
EID_4442,0.20834356754361189
EID_18034,0.19005994054577685
EID_16055,0.1821046873111473
EID_21684,0.1756706773175011
EID_17499,0.1821683931430886
EID_1222,0.13687406167274582
EID_17204,0.16205752903171003
EID_22732,0.1784607994308225
EID_8539,0.18021146146811517
EID_23136,0.17767322159407578
EID_24470,0.1882141524767829
EID_17404,0.1904750679826414
EID_21498,0.22125030556594014
EID_19495,0.19378307527814662
EID_23966,0.17513214331654875
EID_1388,0.15073284881542115
EID_7374,0.1573902854027773
EID_25441,0.21147459231637908
EID_16616,0.1514498593123822
EID_7654,0.18856705091856732
EID_4217,0.20511063433027432
EID_9968,0.18302343860427908
EID_17830,0.20899507376327908
EID_12023,0.23711153062972518
EID_24002,0.13595773694617322
EID_11371,0.20334233544231262
EID_11096,0.15828411148209046
EID_24835,0.2168658129737809
EID_17439,0.15145965232662967
EID_6587,0.19107661895625916
EID_21946,0.19203364690304908
EID_5431,0.19922634069644624
EID_4723,0.17657408389190088
EID_11535,0.19673218849492957
EID_2330,0.12236106732018948
EID_23531,0.2064464708340534
EID_8913,0.15687656597756727
EID_21273,0.20189194883841105
EID_11927,0.21375083912922216
EID_1385,0.17977998558734498
EID_15758,0.19840515859019225
EID_1023,0.1956516589018709
EID_8959,0.1874584123883507
EID_12911,0.17271000941338713
EID_15925,0.16038843695804075
EID_17769,0.18900350689811385
EID_19842,0.18436605179737223
EID_15875,0.18525961077574582
EID_21284,0.19760989297621456
EID_24825,0.2008189372231043
EID_23825,0.17765351939740823
EID_13001,0.22369583035338028
EID_25601,0.1856928031100636
EID_24670,0.1889709360809505
EID_24412,0.19618040018362767
EID_18712,0.1745672967498099
EID_21138,0.17022012795732258
EID_19335,0.17768123733203597
EID_16753,0.19191869638139314
EID_24399,0.17247149155410793
EID_12567,0.18888606864004923
EID_22161,0.1617684835035715
EID_12609,0.15458422391783497
EID_22249,0.16770085423447062
EID_5314,0.143006310054932
EID_1897,0.24282718543355325
EID_22507,0.19706131747363892
EID_2878,0.17646819239112566
EID_10098,0.14699078969285825
EID_18435,0.20906764372709158
EID_8063,0.1541969928567885
EID_3512,0.15366430399796258
EID_24444,0.1914267547545692
EID_9813,0.19347356335469076
EID_25132,0.1731496928893623
EID_5613,0.1890212507375482
EID_14062,0.17973746004631821
EID_20073,0.19969280966562397
EID_12506,0.1661031294976939
EID_1092,0.25195803350262974
EID_15895,0.17402227385006333
EID_1039,0.12590427656348097
EID_22016,0.22635113628809939
EID_6764,0.21605220080101997
EID_17384,0.22923328350739314
EID_8705,0.20454261444015742
EID_14832,0.17916138213398564
EID_16473,0.16759925804413583
EID_11186,0.16686275881410623
EID_7476,0.19810243958478144
EID_19671,0.15775213647330227
EID_14001,0.1658210466621987
EID_10658,0.17289834148446578
EID_6668,0.18015062402690507
EID_13786,0.1756784365857561
EID_11224,0.1511666907820371
EID_13296,0.16427968151942673
EID_22145,0.20971187154267376
EID_6494,0.20741889787207834
EID_1649,0.13654997099442687
EID_20878,0.2420304938154498
EID_3790,0.18512325801151686
EID_9257,0.18302327682327
EID_14917,0.18209561521759166
EID_22052,0.1778795291750721
EID_1198,0.1901500375463012
EID_8478,0.17979795235808343
EID_2071,0.20212506772477196
EID_1250,0.18914339114098597
EID_9000,0.18263123931705072
EID_17319,0.1880425267623279
EID_21794,0.19939660151721644
EID_23350,0.19113837302036893
EID_16278,0.14804780300546222
EID_3330,0.12304017117396762
EID_12584,0.19174520464866815
EID_9354,0.214779671922294
EID_15007,0.17484888836779708
EID_11656,0.22152829020269746
EID_22526,0.16154203467193584
EID_11027,0.1902023760737899
EID_21588,0.14776762422400885
EID_13717,0.21421160480968088
EID_8073,0.1697356243721717
EID_15972,0.16386787512322742
EID_5730,0.15130927648145967
EID_23968,0.16614707661528846
EID_4299,0.2126470874102871
EID_6302,0.20956375658103993
EID_6974,0.17826671993854049
EID_4829,0.1697454320391979
EID_21139,0.20853215848852352
EID_23456,0.2103249609997776
EID_20110,0.16652831971140358
EID_20342,0.19313604008095198
EID_15238,0.19591673023717662
EID_10349,0.21967748729845998
EID_10077,0.1689779747438821
EID_22330,0.176169814217708
EID_4368,0.18736277378362132
EID_8859,0.1747416462961007
EID_24277,0.1456235776922952
EID_1061,0.2236085301479189
EID_5597,0.13679669383561147
EID_4820,0.2006706281624912
EID_5863,0.2253034407204256
EID_23680,0.20872348131239193
EID_5542,0.15277786416561523
EID_6203,0.13786215490049894
EID_5355,0.19766778162943885
EID_19669,0.22148148501995163
EID_21725,0.19586263601968665
EID_2138,0.19624230459605058
EID_24278,0.20055990913125316
EID_6591,0.19955106131406058
EID_21056,0.14152904909328878
EID_18759,0.2150967425696338
EID_12059,0.19896378548608618
EID_11077,0.22740435052263425
EID_17216,0.2135101088404182
EID_15655,0.191322011818862
EID_19017,0.18998735354623916
EID_17846,0.22334525094651544
EID_6418,0.21212651806182992
EID_25942,0.18676439652643917
EID_5420,0.17007189453126345
EID_11764,0.1475523557858291
EID_16483,0.20050026735512894
EID_1901,0.15380805860868144
EID_21480,0.21180466382439872
EID_8006,0.20584277190886877
EID_1282,0.18478261701614268
EID_6895,0.20538123630075264
EID_13677,0.20200917270272706
EID_6071,0.21254967115707846
EID_14425,0.1970923829628951
EID_22685,0.15831157274809804
EID_20203,0.17982805746501507
EID_19161,0.165649195131288
EID_1947,0.18129071285794984
EID_16574,0.16555780050985494
EID_2561,0.18369882830588358
EID_20668,0.18050442632476119
EID_7831,0.22548297411547438
EID_8769,0.20707103943719576
EID_25191,0.1924744416627878
EID_15590,0.20636768120149046
EID_12458,0.18225324188397085
EID_11406,0.15948259700419012
EID_17629,0.15599568375568415
EID_4632,0.1858858229502005
EID_18455,0.16458862974634408
EID_23077,0.21370875070072062
EID_25024,0.20404048423784396
EID_6269,0.21054139957824874
EID_12100,0.1803810374482365
EID_23190,0.18058597547476754
EID_9030,0.18494107774697888
EID_12359,0.15866394245732302
EID_12041,0.14593869826190134
EID_2019,0.20173913715185277
EID_22974,0.15882205472791677
EID_10351,0.19200908508143288
EID_23630,0.20643654415739407
EID_7309,0.16901468087674215
EID_19821,0.1880026102505527
EID_4033,0.16108739675230122
EID_3435,0.2286840326728308
EID_5759,0.1378326414463082
EID_12826,0.19507793777800483
EID_8148,0.21895128442590006
EID_16088,0.16048338318787794
EID_15783,0.1830527927590661
EID_19521,0.20212424011371344
EID_13016,0.1759074311415938
EID_13708,0.19743181421646838
EID_4237,0.18606906748262717
EID_3620,0.21291420064951203
EID_10042,0.1784608403828837
EID_8833,0.15111696062770258
EID_21028,0.19070920614254455
EID_3485,0.18710586718135833
EID_23372,0.24227206197710324
EID_19410,0.20871076994756665
EID_6598,0.17630875126348308
EID_25371,0.19688965576494186
EID_19483,0.16477438949844264
EID_22826,0.1662768208183097
EID_23606,0.1949223849377504
EID_9346,0.20499274681199567
EID_1608,0.22345952728925214
EID_1603,0.27723324349967277
EID_23041,0.20567326069894865
EID_7801,0.2102726524013922
EID_22456,0.19344350067759344
EID_24428,0.17298743860884164
EID_10811,0.20229471512238975
EID_24566,0.22664441875368496
EID_2531,0.16052970063044936
EID_10878,0.1697503901794079
EID_19548,0.14623731855074143
EID_11988,0.1949848501563859
EID_11378,0.20045434188419847
EID_9896,0.2048297801448397
EID_17323,0.18313456228014466
EID_24976,0.20676859609003828
EID_11249,0.18927425801597977
EID_20395,0.19143753081089868
EID_18262,0.16751922838009758
EID_14670,0.20473068030855154
EID_12880,0.15894842297819223
EID_1406,0.17048344741447766
EID_23014,0.2219551388943137
EID_5224,0.18143727196692444
EID_3232,0.1897314492758955
EID_22327,0.18252940780017984
EID_2285,0.22518949579049047
EID_20468,0.21954801547320626
EID_4443,0.1664821221434238
EID_15641,0.15128587031088914
EID_8106,0.23629934226217317
EID_13958,0.18177244123331945
EID_10214,0.20378694586503088
EID_17739,0.1634360318820009
EID_13347,0.16906508624186206
EID_23453,0.17954858922015948
EID_1477,0.22418872177538032
EID_20224,0.18655838632977279
EID_2362,0.1791550873233693
EID_21421,0.18226859682532803
EID_7860,0.17065396972784688
EID_10286,0.1797890064031656
EID_7184,0.2144704811367971
EID_21742,0.19583052905850742
EID_21610,0.1750982035248408
EID_19375,0.19276601706878121
EID_18564,0.21912399323959045
EID_19108,0.208041982818933
EID_17928,0.17219598451956108
EID_25613,0.21080044267502948
EID_23787,0.184119644960668
EID_2392,0.2319786943614037
EID_7574,0.18375764896392185
EID_9810,0.2129508502034523
EID_14332,0.19290075760518327
EID_20937,0.16274024481233187
EID_7827,0.20125148409057414
EID_7457,0.20709038980871722
EID_11152,0.2112427922014961
EID_12917,0.1559988134946705
EID_18590,0.18267201036587355
EID_15327,0.2130760570933091
EID_11687,0.17906450304367344
EID_5179,0.11021322400477895
EID_5623,0.1614256140721225
EID_25331,0.20082604902557988
EID_24386,0.15626456435766753
EID_6507,0.1844100527576396
EID_7842,0.1875751620288632
EID_12018,0.20422496360850453
EID_6640,0.18364240150387867
EID_9872,0.17636835829746708
EID_2331,0.23417234865418815
EID_19685,0.19452104899937053
EID_25701,0.24122253308340577
EID_25681,0.18500981633066546
EID_20151,0.17924168820951075
EID_8980,0.16313655000928
EID_12719,0.19320843828007156
EID_20075,0.2110439887546747
EID_14984,0.18346430247453416
EID_8177,0.20695508844947816
EID_1360,0.22094122699999566
EID_24812,0.21015043450088536
EID_8480,0.19151627090280177
EID_14567,0.18824598808766713
EID_16194,0.21239108126358497
EID_10020,0.19037054759104602
EID_7321,0.1406848191619128
EID_15387,0.17360873274463864
EID_19419,0.20296272963054535
EID_20496,0.18705954423653942
EID_1308,0.17495655763466963
EID_14770,0.17054051174794285
EID_21893,0.19429241440391778
EID_10990,0.18123510896497527
EID_17521,0.22989586020390446
EID_15274,0.20816851963701183
EID_24001,0.18619188438655493
EID_4111,0.19896092475651275
EID_4284,0.15909264208810087
EID_19682,0.19412052724769077
EID_14871,0.1867849522293894
EID_18152,0.19968119692599848
EID_12520,0.1961210010307198
EID_4739,0.21702586327023882
EID_8424,0.13783556103752564
EID_23600,0.1837175039112764
EID_25891,0.19583267112147645
EID_11618,0.19871066150430566
EID_12674,0.19422452352779662
EID_5999,0.21486377134554266
EID_18063,0.13838378826658487
EID_14859,0.16792314546981515
EID_20353,0.14649386788214105
EID_22962,0.18195386178235895
EID_19650,0.14742430138998022
EID_6108,0.1821544915884958
EID_19012,0.22469011177338585
EID_22925,0.15529565191828096
EID_15619,0.19644468111340663
EID_19998,0.17345636918966892
EID_20052,0.23755149516550217
EID_25044,0.18951113486304058
EID_5422,0.20566436431087795
EID_15354,0.2330724522194386
EID_3804,0.19281830511929
EID_23277,0.21292204186609356
EID_12336,0.22596080600275484
EID_24839,0.17497178354504406
EID_1651,0.1552010070596136
EID_24355,0.2020177371564676
EID_24276,0.1830068294058279
EID_10346,0.17333589560913598
EID_9579,0.22557368094017402
EID_23242,0.19382980328272026
EID_23541,0.1872165790036782
EID_14741,0.14658336605415373
EID_7783,0.21290190427308675
EID_12569,0.20641967586836735
EID_3834,0.1743127013783226
EID_6799,0.23144899817798809
EID_15609,0.19306270391673622
EID_5496,0.19185144616937505
EID_5080,0.17956573585235017
EID_14834,0.1748921004564164
EID_18266,0.19464587284847115
EID_1182,0.16494301681505594
EID_6445,0.21825623388864546
EID_18656,0.19280510224530878
EID_24011,0.18609091249346152
EID_25093,0.20312843689519822
EID_11334,0.21161119160220276
EID_15785,0.1734425564389872
EID_8060,0.14487478704525447
EID_4349,0.1861603463255727
EID_22525,0.161754742933162
EID_1231,0.23643001442786138
EID_2127,0.16466065447653203
EID_4047,0.2059595027639805
EID_12989,0.17630546283661183
EID_17726,0.2191844480939313
EID_1602,0.1387064122489394
EID_5945,0.19359200533532572
EID_15166,0.19636693242109482
EID_25317,0.1584512951542616
EID_18848,0.1874251451679616
EID_14455,0.20423969742788656
EID_9724,0.20194872477843817
EID_22697,0.19662354416810568
EID_16505,0.16939913781163382
EID_11616,0.17472142294443674
EID_10352,0.15514546489696396
EID_24093,0.15315786891028654
EID_11826,0.229441592796214
EID_24211,0.1992490417094779
EID_14709,0.20439439524284642
EID_18747,0.1938889921034443
EID_16077,0.2029508806838113
EID_15440,0.17982932554356193
EID_4935,0.20602519937537425
EID_13791,0.19270126913867405
EID_16876,0.19226909591395186
EID_1335,0.11521442791875608
EID_19086,0.18238456337909278
EID_12872,0.16717619603633743
EID_11623,0.1943518736903298
EID_7807,0.19625538038319218
EID_9605,0.23021627237737247
EID_12736,0.17829646756028367
EID_20565,0.18777925607565205
EID_17225,0.19272361835579568
EID_19974,0.19851116009673497
EID_16045,0.16049844020133858
EID_2082,0.1846996570240862
EID_22219,0.18356302927013995
EID_19439,0.17589970258908977
EID_2979,0.20475799170399062
EID_24414,0.1754284784227371
EID_15148,0.1724205817307171
EID_10690,0.23016758225400052
EID_16346,0.1718332529991812
EID_22752,0.22082889009813136
EID_21746,0.19217089437546744
EID_1705,0.21601929705563333
EID_7498,0.20027818546770365
EID_6874,0.19438367937121326
EID_4543,0.17367858113515755
EID_8931,0.18655546062877965
EID_16435,0.18830407851829728
EID_16767,0.1879231043324123
EID_3058,0.1761039432962126
EID_16381,0.17784877829952098
EID_17190,0.17210929133161124
EID_7079,0.1967722007335229
EID_10191,0.2046325075051449
EID_1378,0.17897576996807302
EID_20222,0.20247541107766484
EID_6156,0.13911269898466674
EID_5975,0.20527476149804091
EID_18682,0.1530660230309771
EID_8837,0.13735645707333552
EID_24686,0.2030370897828093
EID_9869,0.23038106667150962
EID_14673,0.21477674037700092
EID_14443,0.1800241657877229
EID_21591,0.19433010394899977
EID_25240,0.1966689741315286
EID_18365,0.16781182838595612
EID_9260,0.2147828680055673
EID_10696,0.2087738898768211
EID_18012,0.16730040730144977
EID_17421,0.20630958233811536
EID_23615,0.15185261741594486
EID_14132,0.1946631612453551
EID_13168,0.19216623807717986
EID_16973,0.17162605458213154
EID_13426,0.16081049711345133
EID_1493,0.2162602533644686
EID_3994,0.15826357948363254
EID_10574,0.19763217621614787
EID_12394,0.17649205728546677
EID_4781,0.22407562251159394
EID_24911,0.22097029705177862
EID_3205,0.18072283636541892
EID_25568,0.2223622425154123
EID_4343,0.19572099800929807
EID_4330,0.16352481521497625
EID_12518,0.20143736119490796
EID_18426,0.1694495126126751
EID_3862,0.16590856512758514
EID_13478,0.18778143915404438
EID_5607,0.12747772305424665
EID_22353,0.1710945396644616
EID_18346,0.18883284914781928
EID_5978,0.19229715538306288
EID_3391,0.19503126628389855
EID_8525,0.15686589863888298
EID_5245,0.22485708677134092
EID_11791,0.21221740483289336
EID_22913,0.17629574523587843
EID_15587,0.19239042151095306
EID_4851,0.16121681032401947
EID_3432,0.09148559754297114
EID_13090,0.16695970198154414
EID_15117,0.223525733330336
EID_22004,0.17354058205616563
EID_16053,0.17711909582048546
EID_16458,0.20135600738122922
EID_8021,0.22570071830754768
EID_24385,0.19930741979349742
EID_7053,0.19056928163863135
EID_13544,0.14518140416719408
EID_9014,0.17045249887024833
EID_9246,0.2179922217560643
EID_15642,0.17690636026182438
EID_12295,0.16594982412094314
EID_7925,0.22772777520491083
EID_18473,0.1915677700954542
EID_19427,0.16670620859790364
EID_17027,0.17931421984670504
EID_22093,0.170529403320205
EID_25611,0.16287742071327763
EID_20490,0.22286079275760576
EID_4204,0.18858765000050104
EID_2604,0.133581746766507
EID_16152,0.19941273377218183
EID_8563,0.20901499500676243
EID_18620,0.16854810064119508
EID_11012,0.2165940408925125
EID_19598,0.1901604393509676
EID_13159,0.2333968669447351
EID_13171,0.17176628127242846
EID_8374,0.20898453018847263
EID_9838,0.2218445876768645
EID_18489,0.22103055699279384
EID_17451,0.21722078498123865
EID_7269,0.199296013746185
EID_20548,0.17479531269478715
EID_9466,0.19627255648275366
EID_16085,0.2122110476598793
EID_24082,0.22322074883755855
EID_5078,0.16487669388163131
EID_23951,0.19687387455925737
EID_8327,0.22403243824041763
EID_5904,0.21274567425935792
EID_11085,0.14046908997121066
EID_21437,0.2028959806271442
EID_7471,0.17382977252799992
EID_12046,0.16365088500020578
EID_18653,0.18111610451632965
EID_14175,0.22260418517319253
EID_5514,0.20443567962549997
EID_20148,0.19490782451840533
EID_14260,0.19678028360992056
EID_15574,0.16531350476540796
EID_7287,0.1716382410007996
EID_18889,0.20164236978098254
EID_13106,0.167752005858544
EID_15448,0.16518382895895461
EID_25897,0.19710455876824676
EID_23758,0.22222341619891298
EID_23208,0.1930403972293017
EID_13646,0.20069072702248913
EID_5467,0.21613712805504087
EID_6022,0.15426481530812372
EID_10923,0.1854357352450347
EID_10408,0.18874435185969482
EID_4186,0.18958580590722518
EID_22022,0.19201040475358822
EID_16390,0.1603877407181612
EID_19493,0.2075888522985603
EID_12519,0.18233415591465219
EID_23549,0.18650559095487346
EID_17612,0.21515656029395913
EID_25007,0.18098476037433106
EID_1949,0.20005486465530917
EID_23313,0.16950039514315535
EID_22516,0.18685592815122476
EID_21836,0.2074911018908062
EID_7268,0.18952926634581677
EID_8202,0.16302822288567162
EID_6613,0.16036673413101007
EID_2596,0.18229027687621116
EID_19849,0.2186361113738555
EID_11546,0.20334984926393482
EID_3942,0.19521709546119922
EID_7899,0.21414177144684188
EID_4802,0.19285668867101777
EID_6725,0.20929016104874867
EID_3835,0.1953209554332215
EID_9511,0.19490278470645744
EID_5757,0.21130009537549826
EID_24838,0.17040426643527784
EID_15225,0.20084136347512901
EID_8238,0.18710728310121133
EID_2826,0.21167893569722115
EID_20774,0.1524836248608017
EID_19311,0.19366828516748524
EID_12339,0.20268846797994552
EID_1583,0.24454355701437286
EID_1033,0.21413698629721847
EID_10764,0.203878426252902
EID_17203,0.1994127105903234
EID_1345,0.15515625297537888
EID_4951,0.18135680814683353
EID_16956,0.20568046571308796
EID_9203,0.2583205605054019
EID_7021,0.15924750524456255
EID_8707,0.20241729412289894
EID_5209,0.20186929857002
EID_20428,0.20830641459607085
EID_10913,0.22007878383031154
EID_11507,0.20089577465937064
EID_3693,0.1741474852101439
EID_22857,0.16194347464766556
EID_18744,0.14182234120595638
EID_19600,0.19471145648480476
EID_21336,0.1700914535434758
EID_17676,0.20157909526398074
EID_1678,0.213189166653673
EID_4889,0.16442749896205533
EID_9961,0.18996362694977686
EID_23386,0.1757305159325271
EID_19835,0.1859817371600161
EID_9519,0.20939524036159643
EID_5449,0.22039343092905425
EID_20640,0.1843684234797866
EID_16387,0.1692795207907854
EID_20293,0.1872772642771832
EID_2296,0.17646575111941087
EID_11827,0.17412492067457708
EID_21522,0.18982162599318883
EID_2767,0.21117351909326557
EID_2873,0.16848327032924124
EID_2603,0.17967890360048136
EID_2674,0.20767792602099672
EID_23682,0.1916252795404209
EID_13310,0.20906502376273398
EID_6523,0.17956054973268262
EID_13056,0.18892902680944462
EID_7244,0.22073340478809844
EID_1072,0.1881118933380121
EID_25833,0.2026111829302752
EID_11244,0.19190159958271044
EID_22918,0.17791191214565455
EID_16735,0.18142526685958763
EID_4201,0.18113383606804845
EID_5998,0.22232868787851237
EID_19254,0.18321814479931958
EID_16653,0.21836052686178192
EID_11729,0.17922206871255342
EID_19573,0.2064357147347314
EID_21463,0.18138177281754708
EID_5899,0.13382702025321394
EID_23613,0.15569405615659718
EID_8609,0.20265436958964078
EID_2660,0.14281687526108308
EID_1333,0.15171152475959038
EID_3212,0.17095116969979643
EID_7830,0.19307016753988626
EID_4372,0.2125534290297392
EID_15955,0.17454470478336007
EID_22059,0.15083899671156822
EID_22804,0.16259313421558674
EID_4700,0.18773978663593646
EID_14401,0.21933464520803517
EID_19971,0.19277129071538524
EID_10684,0.16848915847519755
EID_21512,0.19427733464403169
EID_16722,0.19370035301029148
EID_16012,0.1871632648640646
EID_19093,0.20063506531671244
EID_25636,0.18685938086496623
EID_10567,0.22872159108341075
EID_11601,0.18192182425733228
EID_25697,0.21033417196970933
EID_22131,0.19006243895339497
EID_8511,0.18309379844411408
EID_18114,0.20625528391746395
EID_12784,0.19191353775754125
EID_12820,0.14611266851363963
EID_4512,0.11814265052143744
EID_5837,0.19007762433372885
EID_12564,0.18581622656864247
EID_16737,0.18143893533989403
EID_25986,0.21506727543079981
EID_8729,0.15788563808023484
EID_4386,0.20411831356751728
EID_5223,0.18468709735758743
EID_1494,0.24019042827749956
EID_22699,0.18906570583075544
EID_1083,0.19572714302092747
EID_1329,0.1548086174034371
EID_3550,0.14064350527366865
EID_18845,0.1797059596237762
EID_17946,0.18561395838966016
EID_1712,0.14451916143750482
EID_12024,0.2035724735026394
EID_2974,0.2008307801698841
EID_12806,0.1637470067201572
EID_10396,0.17274942749980274
EID_3998,0.16976357309854914
EID_22451,0.1233291659962517
EID_12242,0.1897210235863969
EID_18599,0.168936099639107
EID_9423,0.19620292185105054
EID_25347,0.1555820843051142
EID_20183,0.17365745646848038
EID_18079,0.21878458834398276
EID_10059,0.1776599350762865
EID_1322,0.19923291897193357
EID_18109,0.1691377056074188
EID_7325,0.15796273115960896
EID_6000,0.1766850955625591
EID_10760,0.17645090404186428
EID_24380,0.18105934932608975
EID_7070,0.19790712521700218
EID_2796,0.18203156113387892
EID_18860,0.18909312051230234
EID_13597,0.1720592454143105
EID_6858,0.18438122899808548
EID_14987,0.2103001823821535
EID_8902,0.19264319684473222
EID_9453,0.19550465936856495
EID_20605,0.2060743707536172
EID_16020,0.15105729909481502
EID_6335,0.14514457059232774
EID_1317,0.22223803038346038
EID_5575,0.17067841662388114
EID_17433,0.21572587268678195
EID_6238,0.17123888300279236
EID_10734,0.18272364278329642
EID_7661,0.21323214087360856
EID_9281,0.11264509075596912
EID_19259,0.22400511754634012
EID_9544,0.1953356684892903
EID_2572,0.2262654787559796
EID_12706,0.15366991794894025
EID_20500,0.18001459583280044
EID_19258,0.19256498143007994
EID_15915,0.22000964291182737
EID_25265,0.23189372783738033
EID_16567,0.2137690622660297
EID_19553,0.20818031739340784
EID_25403,0.20053502403358667
EID_10354,0.17956031589039295
EID_19522,0.17053834744042032
EID_20132,0.19193436570441863
EID_3363,0.20414544846780203
EID_15253,0.16800983413937273
EID_8368,0.2002632824690827
EID_3883,0.23358737727106532
EID_7323,0.09677210175446385
EID_16203,0.19973107220368114
EID_9080,0.16917121772519686
EID_12266,0.1940427080260942
EID_13777,0.1828983143677303
EID_24876,0.17660962196912736
EID_11961,0.24854698902085023
EID_25871,0.19836460483373108
EID_3563,0.230818997041953
EID_3377,0.16198696112611044
EID_19924,0.1964640109257115
EID_4070,0.18823396633449146
EID_7727,0.16003880914990118
EID_2253,0.162356031834343
EID_5056,0.20883466255991412
EID_16751,0.18554351090565946
EID_2105,0.1492485848976702
EID_14078,0.17034814899480732
EID_18779,0.20450391384649952
EID_2218,0.1813155236179652
EID_6130,0.2085456791422488
EID_21722,0.17728622840359926
EID_17748,0.16640604378569285
EID_21322,0.2020782826220486
EID_6016,0.19470119816401976
EID_20480,0.18598865525029173
EID_18843,0.21538987514388586
EID_7336,0.17667472044942412
EID_4455,0.22240577031534048
EID_15206,0.21642452359851455
EID_15582,0.21092329510752222
EID_22381,0.16702752674201496
EID_22606,0.21850706390725663
EID_12159,0.16949301740300896
EID_10027,0.19407002507730284
EID_4107,0.158002174462549
EID_18932,0.17973764077118165
EID_1321,0.2147494990843361
EID_7759,0.16356608209237528
EID_21961,0.20481182847442214
EID_15289,0.21711481889669204
EID_23069,0.1983804649436422
EID_17187,0.22319132275440043
EID_25372,0.15632863176299325
EID_9787,0.18683304894592373
EID_9797,0.18158591167962723
EID_10831,0.18723072731180804
EID_24620,0.2233357653302322
EID_8715,0.17825051312621232
EID_13459,0.1843855394983268
EID_14031,0.21186652834086694
EID_14541,0.19913089174610504
EID_12395,0.17341322716728955
EID_7150,0.2037768665151838
EID_14422,0.17829160464078772
EID_19060,0.21949623908155663
EID_9338,0.1494771718605349
EID_21042,0.21999163231600471
EID_8011,0.1978789127211493
EID_8102,0.14316165235406653
EID_11068,0.18629482566855052
EID_15461,0.18155789310718412
EID_18509,0.20118502316506176
EID_5796,0.1881543107468332
EID_19905,0.1630873703913462
EID_21609,0.18579443369765397
EID_14873,0.16522343932828526
EID_8033,0.16433568793065828
EID_21354,0.15349324556224309
EID_16377,0.1975858495992585
EID_10566,0.2354680017784515
EID_4791,0.16290468055427137
EID_20944,0.19231597215418655
EID_24913,0.18006652069105203
EID_3868,0.18303226617953203
EID_10611,0.17931942826660383
EID_21702,0.18213336824265658
EID_9472,0.17733010975724545
EID_10746,0.19572526694777867
EID_17717,0.21197834408475566
EID_18535,0.1676364329229257
EID_23706,0.1781537363365046
EID_7039,0.1565852704049023
EID_23797,0.1938960632561663
EID_1574,0.22513060778362082
EID_5931,0.14650921151807755
EID_6468,0.18152465411134852
EID_15805,0.19772522090510708
EID_2988,0.19137339561978867
EID_21966,0.18926979814340006
EID_16571,0.1815592821619158
EID_10082,0.15520833520740798
EID_8359,0.1768867592524726
EID_3200,0.17360133984396528
EID_2206,0.22516399710396812
EID_14234,0.18880933228718189
EID_12498,0.2142502100465915
EID_12009,0.1838921010490258
EID_12486,0.15689024315299938
EID_2679,0.22037598719246795
EID_25329,0.16063302813454167
EID_18268,0.178427387387094
EID_18253,0.19205227962758917
EID_11915,0.2066453491263675
EID_2503,0.2049314051494106
EID_22110,0.20086256508092662
EID_9344,0.17935585810150273
EID_17568,0.1692338901758667
EID_1445,0.21793835658753238
EID_12971,0.20670754880230768
EID_14129,0.20267284633987842
EID_22888,0.1841825217662006
EID_17510,0.20548192577929242
EID_11722,0.20596395276460555
EID_18542,0.17041249438061676
EID_13158,0.1794295125871483
EID_2810,0.1679849564989386
EID_16559,0.1987592565743891
EID_1124,0.18737916628049717
EID_2137,0.13448899419542584
EID_13145,0.18400686651839349
EID_14181,0.18451196864601352
EID_24695,0.14792496324799953
EID_21367,0.19492592539638143
EID_13213,0.21820555963839422
EID_15852,0.18029587577769313
EID_9531,0.19652709063643956
EID_6197,0.16263681057732338
EID_20012,0.15312624548096787
EID_10381,0.2083820197561801
EID_9136,0.20081398462659036
EID_12063,0.15735469652633516
EID_22318,0.15546071745009066
EID_24047,0.17098953384688825
EID_5834,0.19891508957993048
EID_4763,0.14583154500140463
EID_24096,0.16497486928805521
EID_13825,0.21524235722407742
EID_14326,0.1902941105255353
EID_10111,0.13786283238276748
EID_23362,0.16018853240023273
EID_8682,0.19501573969835018
EID_18727,0.16320474419576342
EID_20725,0.18803364183675522
EID_15976,0.15689899385067124
EID_17626,0.19473260898296257
EID_13302,0.16736866364609332
EID_11333,0.21451955989159924
EID_12305,0.1573202447173257
EID_4987,0.1975325738535847
EID_12132,0.1836035741625616
EID_14163,0.20071465691646584
EID_15666,0.19761482233061428
EID_19257,0.16868876041326478
EID_1591,0.1954199566689087
EID_5610,0.23779964483760074
EID_4835,0.17295210510166562
EID_5060,0.21926936759889462
EID_15897,0.17878970632693486
EID_9771,0.20583669948280886
EID_11486,0.1807077679615727
EID_14583,0.1914313967215467
EID_17832,0.15287617526794867
EID_6876,0.17490335023563786
EID_18560,0.1955763387367809
EID_1091,0.22518470369145596
EID_3837,0.21436189370557238
EID_8508,0.19841462177227137
EID_23640,0.19344219465719859
EID_13280,0.21766709010675483
EID_3352,0.22742693488441024
EID_13404,0.2413144429037434
EID_23565,0.21538257704917188
EID_24526,0.2041245790844875
EID_9254,0.17503399070382242
EID_8916,0.18183320942492356
EID_15227,0.20789255310966967
EID_11672,0.18005145897644792
EID_8926,0.1692929763531688
EID_25125,0.17840415225873768
EID_3170,0.13934524130352363
EID_24612,0.18184530714820335
EID_23932,0.23473076514143096
EID_11554,0.16715871339698105
EID_19854,0.1773190358486421
EID_16362,0.22130687105220553
EID_13195,0.20075396992395184
EID_25559,0.2019420119293661
EID_18526,0.1971857227792533
EID_23226,0.2060077308409523
EID_5873,0.20342805232289404
EID_11286,0.20531983399368373
EID_7573,0.17294204653657588
EID_11669,0.21708112398108945
EID_12639,0.1892241082437258
EID_12309,0.16280430232227927
EID_17566,0.1894140544944708
EID_3644,0.20150110620725734
EID_9921,0.19408944022606558
EID_14703,0.16439947189466422
EID_19366,0.1942002649548962
EID_12449,0.19656674502051266
EID_24591,0.16472381005325862
EID_4698,0.1583228442535203
EID_17657,0.18076481361790678
EID_24446,0.23262339176992486
EID_18528,0.2146167153180942
EID_8868,0.19235183319580018
EID_5820,0.20812675958738164
EID_24215,0.16209091407022352
EID_19176,0.1436050346927359
EID_6578,0.1548107106006331
EID_9672,0.17273980470297015
EID_10702,0.14801131464419695
EID_4741,0.1912645090403215
EID_24067,0.17596834103957154
EID_2416,0.14955985954897635
EID_12089,0.18409523509134038
EID_8392,0.198863095725008
EID_16766,0.21252673776161005
EID_23137,0.22112509837600866
EID_24704,0.17457183821829522
EID_13184,0.17029512262037672
EID_21642,0.16431119579290782
EID_8050,0.17460921623354608
EID_20432,0.1790201741406956
EID_14456,0.17843641605048519
EID_7769,0.16617952345668907
EID_14077,0.22456791588939815
EID_17805,0.1742599870489933
EID_14927,0.19084340861451532
EID_7995,0.22137335772850086
EID_2297,0.2046072079107697
EID_7960,0.21328045492786712
EID_9481,0.19278174601073908
EID_2781,0.19634410570855854
EID_25571,0.174852514588541
EID_12462,0.26915207933484525
EID_17761,0.18581864307221052
EID_22310,0.2041886014015497
EID_15161,0.18099835963311145
EID_3361,0.1729813034940692
EID_2166,0.21179385383065288
EID_1515,0.14520079472545566
EID_13787,0.18619468578360449
EID_23496,0.2317614316141136
EID_7820,0.18979227401588186
EID_14433,0.2055069560694163
EID_9405,0.21619619315129057
EID_4195,0.210550838090983
EID_24190,0.18330410687304777
EID_20400,0.14913145828683927
EID_16111,0.2070813717612653
EID_5502,0.22494640358993623
EID_17381,0.1838619222748006
EID_22435,0.1870137122969754
EID_3060,0.21356863955767383
EID_19197,0.1779540436582498
EID_13311,0.16942114736821606
EID_14282,0.21202671246223825
EID_5849,0.1652801600926241
EID_19845,0.1756637626325326
EID_6965,0.20527140716989153
EID_5048,0.17846364056928854
EID_13766,0.18959746898415564
EID_22269,0.14609719860119577
EID_4363,0.15175725178111202
EID_12215,0.23130913556108426
EID_14479,0.18729337890459288
EID_7348,0.21169140519517485
EID_25664,0.1730555010546609
EID_4940,0.18797805354614144
EID_6877,0.13286502446197682
EID_8337,0.2022750709216075
EID_1775,0.17999861380387439
EID_13938,0.14523976501565453
EID_12735,0.16344755823339224
EID_16138,0.20165247221576013
EID_18586,0.18321429611827986
EID_16650,0.16770984042494874
EID_18259,0.20224252436754236
EID_19144,0.17274793480957892
EID_4483,0.12525971706283084
EID_10929,0.19691604278441485
EID_19882,0.1930329621197886
EID_3779,0.18417410230760245
EID_18678,0.18446974404764122
EID_7168,0.17440531794501266
EID_23279,0.17009110582278597
EID_17008,0.17666709052773233
EID_2795,0.23377213328924762
EID_1833,0.2148211961279473
EID_21026,0.1757513344516516
EID_20322,0.21011217137084276
EID_10026,0.16344406567223016
EID_7742,0.19747978269154992
EID_21792,0.2183481205196457
EID_14341,0.1896670372484096
EID_24634,0.19464109398532087
EID_3379,0.1640017923254097
EID_20627,0.17586748365879554
EID_8572,0.19033279840856115
EID_15104,0.16013492672465188
EID_12426,0.16876441605280035
EID_17588,0.19394070417698497
EID_20961,0.1575048910776236
EID_23260,0.1500983966716503
EID_7213,0.20656432128849622
EID_11851,0.19051255022846936
EID_5696,0.19690530538690793
EID_23011,0.182253304225803
EID_2035,0.19197764759091945
EID_22461,0.17265543755177606
EID_23215,0.15126335087001144
EID_6913,0.20453292487583846
EID_5739,0.17825895091297694
EID_19814,0.23328862489411123
EID_20320,0.14183436949659822
EID_2043,0.18507498483980764
EID_21992,0.18270773264773404
EID_9324,0.17320754829224996
EID_3863,0.2020002669810489
EID_7513,0.17645346217690966
EID_11120,0.17316341969687127
EID_6548,0.18791423103874813
EID_23957,0.1693903419768733
EID_11408,0.1970478862058487
EID_24638,0.17321679011142782
EID_3908,0.2016178848089094
EID_17023,0.1746636483190895
EID_10902,0.15174965160098597
EID_3543,0.19335437079412926
EID_3633,0.19179817038119087
EID_3394,0.17588981598197354
EID_8619,0.23391435404516267
EID_13424,0.21052958503045918
EID_15405,0.17345646278240653
EID_21727,0.19312542310196393
EID_18916,0.18156292725955855
EID_3335,0.2212689762163621
EID_2811,0.20517599142879425
EID_8620,0.1839907553195791
EID_3249,0.14184650814342892
EID_22140,0.1391787050462926
EID_18934,0.16715382385780386
EID_24271,0.16459624669669465
EID_2164,0.16016753814716975
EID_22961,0.17344331925111528
EID_25318,0.17077170855138443
EID_23064,0.17045802292089263
EID_1056,0.19080487216473327
EID_4389,0.19171965673532493
EID_6949,0.16649085254615203
EID_16133,0.18844251354029562
EID_8023,0.1943653722342999
EID_19426,0.15616635427625433
EID_12895,0.19628039588451238
EID_17667,0.20836804877442927
EID_14826,0.16633284250236155
EID_8807,0.16674780089431174
EID_13977,0.20865428294603097
EID_11167,0.161477336234103
EID_22535,0.18747674621535937
EID_5357,0.21298872871781527
EID_1450,0.19124172002035075
EID_24647,0.16193856815428362
EID_1516,0.17396264542404008
EID_10122,0.1784869213004918
EID_2423,0.19817242244715186
EID_4276,0.1997641045623644
EID_10610,0.18811356637376056
EID_5840,0.15545259154877825
EID_19117,0.20389737660686155
EID_1753,0.21684371626457413
EID_11679,0.20374820630154644
EID_12425,0.17061427727285797
EID_21118,0.16470063806127877
EID_1348,0.20231547630550645
EID_3143,0.19996339089812845
EID_12153,0.22348505390709672
EID_22834,0.20026827953800247
EID_14978,0.21430947671718847
EID_23361,0.1658076520132017
EID_5207,0.13485364993098004
EID_8395,0.21379270463547292
EID_2440,0.2041820055491942
EID_14196,0.2149296490351244
EID_16684,0.17624278076052796
EID_22520,0.1893917123891903
EID_14689,0.1591647330598686
EID_22890,0.14886442973604552
EID_18695,0.18099997675140767
EID_1275,0.1850275566523522
EID_6033,0.18397819254279746
EID_25616,0.19292985942882063
EID_6190,0.1993246260309018
EID_2964,0.19765778417303112
EID_24869,0.23444783796691426
EID_3319,0.22816226913653154
EID_15857,0.22226262061249705
EID_4615,0.2012347218055657
EID_23926,0.21040900137023444
EID_15506,0.1820450604039543
EID_4168,0.20125479340115723
EID_23593,0.21455819960596878
EID_3108,0.15291077737377848
EID_22846,0.2649024859672466
EID_12618,0.1863337346079777
EID_20341,0.20848852152542313
EID_15441,0.23904834888452045
EID_20278,0.17422085922711622
EID_19511,0.22185981132361857
EID_7832,0.16586905138571217
EID_7775,0.17810286072877365
EID_9409,0.15058481439090893
EID_11483,0.16247489264706344
EID_6657,0.21508986829031432
EID_10338,0.15853217796652594
EID_7683,0.18005626494513227
EID_11854,0.2035813521515889
EID_17102,0.188732010730722
EID_9882,0.22728025549794778
EID_19326,0.20945695037528475
EID_1670,0.22180082926798558
EID_17455,0.20416978474846093
EID_24867,0.1896405298907467
EID_22972,0.17136398956761018
EID_4679,0.18688789247370208
EID_7172,0.234397373625496
EID_7401,0.2060665525930018
EID_13199,0.2194733566349689
EID_12244,0.21039298480736157
EID_12771,0.2330921766503551
EID_7230,0.1987304689569503
EID_19736,0.2271218596354101
EID_2755,0.19340565355439163
EID_19126,0.22886234704237501
EID_20949,0.16133547034358886
EID_4573,0.19033783610945126
EID_23671,0.17399486975102582
EID_11580,0.16184151689006693
EID_15600,0.15244865301066807
EID_17577,0.1770035585958335
EID_6773,0.19864639335685497
EID_9565,0.17125745849841392
EID_13401,0.17899823535702966
EID_17438,0.2050459018008676
EID_7604,0.19084065374100628
EID_1215,0.1929740533408817
EID_24765,0.19944764041434188
EID_2084,0.1750255297128166
EID_17898,0.18530938135465538
EID_9752,0.17347063884263028
EID_19867,0.18802825882946314
EID_5430,0.22375769251596425
EID_22617,0.18862098037400746
EID_23590,0.14160438778814288
EID_11131,0.18664059106687803
EID_1623,0.19346933242010486
EID_25390,0.2039791698156237
EID_23316,0.181215210946225
EID_11595,0.2111227163152546
EID_10827,0.20444484929048085
EID_14787,0.18140712885850246
EID_18290,0.19003919185289314
EID_17889,0.16352167785178245
EID_7936,0.1642023933017335
EID_12044,0.22294633672643682
EID_8205,0.17213732452394334
EID_22950,0.20843173255657177
EID_4965,0.2123311629398665
EID_24073,0.20156989532828357
EID_4946,0.21440501815127525
EID_14618,0.19455773426966363
EID_17692,0.19112256595586455
EID_23220,0.23457665359950378
EID_24364,0.1748155459965803
EID_20216,0.13164541736769383
EID_24865,0.177790621371608
EID_11009,0.16173356518961343
EID_6889,0.18293536984923847
EID_10375,0.17710658686501723
EID_11917,0.1921367485925782
EID_25323,0.1668857749992799
EID_21841,0.19424915976606255
EID_25278,0.19968421136196243
EID_17857,0.17807235084975892
EID_2991,0.19116145590983744
EID_23822,0.11901587340108091
EID_12098,0.15455639108093905
EID_14665,0.17966296765347023
EID_25373,0.18918570678800367
EID_22143,0.16654587885358993
EID_4000,0.18684338385418292
EID_2951,0.1306907418076334
EID_8610,0.17991280814362706
EID_6998,0.19167090174971244
EID_21972,0.17488184781577912
EID_3582,0.15866073582452175
EID_18220,0.19759187038311804
EID_12381,0.2008596098561739
EID_15689,0.18807715601825858
EID_12239,0.19692244767341538
EID_3987,0.20697416376573224
EID_20164,0.21189107241775915
EID_1654,0.22956812012287525
EID_25583,0.2260437163280295
EID_22736,0.2082081937166105
EID_22169,0.18894917113133006
EID_9495,0.21220934762925656
EID_2465,0.22294502402923314
EID_1659,0.18987499924806756
EID_4509,0.16185243554015985
EID_15264,0.17383103150233492
EID_9494,0.1867574588785187
EID_23657,0.18676161008606426
EID_10376,0.1777489548353451
EID_25277,0.16611566681972886
EID_15121,0.19775364718385136
EID_14760,0.19286585034075035
EID_9160,0.2197687080218391
EID_18574,0.17365243441200992
EID_2977,0.17391001215488053
EID_4745,0.2030111140839347
EID_6762,0.13659932921863488
EID_2682,0.16751000137842015
EID_19172,0.26548062198451133
EID_1013,0.22791966559934596
EID_1242,0.1938057489234887
EID_10336,0.13897213574507852
EID_11247,0.1898115638184606
EID_4631,0.15381737410169705
EID_21660,0.20289959651169875
EID_6752,0.20976941488833667
EID_14409,0.17629211528390873
EID_21720,0.1759732986454199
EID_14495,0.1933070111651177
EID_15348,0.17292489533128927
EID_9610,0.1951269874098394
EID_10629,0.20132395399663428
EID_10182,0.22364688598991245
EID_10598,0.1811778113045634
EID_11065,0.22747862277406897
EID_16129,0.1698086025619756
EID_15572,0.21527405974768604
EID_21059,0.19182491450634176
EID_7812,0.18489169117768697
EID_15162,0.1548111539515011
EID_6911,0.2276569615673014
EID_17591,0.18425752661223713
EID_22638,0.20764240170909745
EID_3217,0.2165332958030054
EID_10116,0.1801643588856872
EID_23199,0.1912136143245439
EID_18844,0.18216920782611618
EID_19931,0.21746629510697957
EID_22215,0.1723500529736498
EID_14623,0.19414797820900792
EID_7884,0.18101762691229967
EID_3197,0.13134454620960012
EID_11291,0.1941337967879494
EID_3320,0.17722031004813718
EID_12585,0.18158477378423094
EID_13592,0.23454979262944506
EID_11264,0.20466993677908285
EID_6997,0.1763932464283098
EID_2327,0.19816283269548046
EID_9340,0.1659749490082829
EID_14544,0.1737179938985034
EID_13055,0.20263531720334205
EID_14014,0.19452986321093463
EID_7429,0.1779853432564682
EID_19008,0.18811957574870333
EID_14283,0.1902107323209415
EID_10882,0.2178278592508147
EID_5194,0.23110332020196953
EID_23844,0.21326044266998867
EID_22628,0.17251119201592505
EID_10033,0.18618410026025675
EID_13281,0.18184362836237175
EID_23871,0.17039443217260128
EID_3621,0.17615157310879226
EID_12968,0.19210569431242852
EID_5819,0.15798450699539962
EID_6694,0.14385930189383986
EID_17656,0.19388452001088785
EID_8888,0.1755512739173042
EID_14552,0.17410290824073663
EID_15342,0.19367440063711003
EID_7728,0.18239001939678917
EID_10331,0.2069140933009041
EID_5479,0.17310483205102278
EID_25526,0.22429888991878547
EID_12348,0.2027881827857665
EID_6196,0.2191063330931108
EID_3619,0.1858259983408162
EID_11280,0.18243988170454128
EID_18119,0.2014418430409733
EID_18058,0.2390083685976057
EID_20911,0.1670325516020452
EID_19840,0.22339256828653722
EID_11808,0.23251115852434245
EID_16265,0.1519606840067385
EID_25976,0.16757700203137013
EID_3872,0.18248369030430825
EID_23029,0.14125649289653847
EID_11745,0.14890897747281695
EID_9556,0.18626690522247086
EID_19748,0.1614969883790225
EID_23253,0.17577565837855802
EID_16237,0.18291491194199372
EID_11694,0.15112322312774232
EID_12824,0.1736049755966904
EID_12797,0.1976099014573401
EID_3524,0.21572272017733812
EID_10559,0.2434244578620703
EID_22844,0.21715100902699486
EID_22281,0.19216723756879198
EID_9535,0.2664647071541922
EID_1642,0.14876713153021603
EID_17630,0.20771444426070723
EID_15083,0.1944909957570285
EID_2690,0.19071786812359007
EID_12199,0.14738061413809367
EID_3449,0.2110828436100233
EID_12097,0.20215557724736455
EID_23272,0.18522710673025028
EID_6890,0.168519064378102
EID_2438,0.2580775713368699
EID_6508,0.2143898776548253
EID_10772,0.1957174247127778
EID_6076,0.15314444061320323
EID_3045,0.21844317027321059
EID_24779,0.16928930202947157
EID_12553,0.21226835213624687
EID_24984,0.18424206803931986
EID_17157,0.21494615354582247
EID_11823,0.21693764802205154
EID_4765,0.20578517458704704
EID_16143,0.19781677623523058
EID_19658,0.23915369707153422
EID_12035,0.16615749784134387
EID_3481,0.18447620175605356
EID_12776,0.19849806079026858
EID_21160,0.1755415513146958
EID_11127,0.19729251756115326
EID_11784,0.18199390506533303
EID_17458,0.1787326643253473
EID_15653,0.15640606496869275
EID_25399,0.18718836592971358
EID_8799,0.24890861883516638
EID_14529,0.16422451328649057
EID_19407,0.20296140367377036
EID_8224,0.21555318750803987
EID_21582,0.21511017654064998
EID_14807,0.24260182208410136
EID_17338,0.20429519024695866
EID_10635,0.17607150104500544
EID_16300,0.21589865051442086
EID_5155,0.20711420277107576
EID_11136,0.16955865157383884
EID_7716,0.18825503072576785
EID_13041,0.20072728851650032
EID_1572,0.1678271400865162
EID_2382,0.16279877918795108
EID_4568,0.1731029287331721
EID_25153,0.18185821464512603
EID_20523,0.18835697964880094
EID_2332,0.23664023209046756
EID_6143,0.17248443366033173
EID_19549,0.236819305821239
EID_24568,0.1829721250964988
EID_23211,0.20045976120049333
EID_2342,0.21816657329100697
EID_2922,0.2021128036427024
EID_6026,0.21371682359040087
EID_10107,0.13808447818475805
EID_14855,0.1617886804205061
EID_18780,0.1956198863596354
EID_10578,0.22470088360857904
EID_3842,0.20967882134346444
EID_10225,0.15020786293537483
EID_15275,0.18643106962680497
EID_10740,0.1943667283725567
EID_9483,0.18932520853527013
EID_11262,0.18028564574345052
EID_24388,0.2226359823401139
EID_19271,0.20074529902762991
EID_15363,0.20373583423822805
EID_16555,0.22557695116861734
EID_7387,0.194730833128096
EID_2692,0.19729139743846386
EID_19754,0.14549847935367877
EID_10859,0.13636517768839623
EID_16618,0.1847315792994461
EID_1697,0.14196298322570505
EID_3764,0.21041717219436526
EID_4502,0.20433444882947938
EID_19240,0.1905635474510817
EID_22590,0.19011135910059523
EID_14056,0.191809462458477
EID_20697,0.15689126427844202
EID_2505,0.21037196303717653
EID_23288,0.2292606079294721
EID_23373,0.18336728078493328
EID_18878,0.17164791738623453
EID_11857,0.15950804697482393
EID_25945,0.143479801810336
EID_18242,0.2363820567023737
EID_22823,0.16436497990134308
EID_5625,0.21604182268780617
EID_6702,0.20395188154474286
EID_24252,0.21973036637692975
EID_12704,0.23052752016320555
EID_1770,0.226820486458237
EID_10159,0.21490045124841473
EID_3702,0.1960503360658325
EID_2688,0.23486217210648908
EID_19784,0.17616552000468036
EID_3636,0.20501959106601989
EID_14537,0.1679969592850067
EID_4878,0.18849724523056616
EID_10260,0.17671930495546181
EID_5154,0.21904028114386367
EID_21206,0.16545309228893312
EID_15511,0.21262537643375418
EID_8010,0.1838508177825247
EID_6249,0.20342563504570105
EID_7392,0.16034132872656082
EID_18362,0.18595311988374652
EID_14147,0.2175671561634548
EID_24826,0.1961531580709766
EID_10862,0.18448731600439477
EID_3088,0.2076868504727376
EID_2871,0.22953157980309724
EID_22681,0.1519238681322562
EID_3720,0.2220391426794809
EID_21540,0.19896149572298155
EID_3516,0.13339996758893602
EID_10969,0.1865638376816973
EID_11396,0.2263433285196201
EID_11407,0.1838242298389271
EID_19264,0.20109181625206995
EID_12406,0.1753581226383058
EID_19440,0.19927180710510148
EID_22729,0.18776985690532272
EID_21143,0.18744082356414288
EID_19936,0.20860902473932996
EID_13997,0.16247477669746688
EID_15533,0.15436154973984026
EID_22065,0.23987150347170078
EID_6600,0.17916806603281768
EID_15316,0.2020123332200312
EID_10721,0.19374115686083637
EID_20630,0.2033887956778742
EID_17720,0.22281552207197333
EID_7692,0.24440943417966907
EID_25004,0.15094595599805408
EID_1804,0.16574435423642533
EID_25207,0.22552579246182128
EID_7638,0.22076275543970872
EID_8179,0.20689754499676716
EID_23406,0.18493599873647837
EID_19285,0.19501020061437804
EID_15333,0.19465566550578714
EID_9685,0.16118422625844017
EID_15725,0.1866593985892222
EID_8302,0.18188490235821625
EID_10726,0.1818363413083256
EID_6168,0.19334080425134761
EID_16711,0.1954833904531539
EID_24881,0.17326977303556163
EID_15281,0.19416581059797827
EID_17428,0.2122884019429839
EID_2814,0.1919164760908616
EID_8717,0.18430148233272406
EID_4395,0.22287980528068105
EID_22871,0.15012630748011263
EID_22152,0.1978329578690061
EID_23649,0.1592612327939802
EID_24748,0.1758537478030158
EID_25426,0.19045872855748247
EID_13986,0.16366628136541297
EID_19704,0.21188406656516964
EID_15554,0.18619949555947435
EID_23100,0.1888300125954839
EID_25408,0.16695226847297617
EID_15870,0.19118945525153117
EID_4048,0.1887341688054492
EID_12712,0.17174046318271485
EID_1937,0.1395697579701986
EID_14246,0.17599313298187264
EID_2569,0.1822992613429259
EID_6228,0.19566353435038703
EID_21309,0.21384460815937287
EID_16971,0.19507734450359296
EID_25273,0.12876398026635058
EID_8968,0.15115621621348715
EID_21475,0.1807711139846716
EID_1982,0.22239824491014604
EID_23627,0.15240463269826743
EID_14209,0.1478818106771857
EID_22365,0.2165287901975404
EID_21031,0.17743690406577559
EID_16883,0.22775170381959112
EID_15734,0.15803588297608362
EID_20840,0.1683687188012048
EID_20792,0.17199461515625036
EID_2652,0.20568611975558299
EID_3079,0.13412316460184381
EID_1425,0.15023661083489503
EID_17271,0.18024770250665925
EID_22724,0.2060648830423027
EID_23964,0.22455074511129164
EID_9333,0.1510063951366694
EID_12374,0.1852410742410003
EID_25107,0.20050721597976093
EID_22869,0.18407639868941877
EID_18753,0.17385840265406435
EID_16805,0.16511653140196125
EID_19994,0.2087818326079189
EID_3004,0.14964530516896585
EID_12616,0.20205484813659932
EID_6090,0.20590028239696917
EID_3303,0.2052195874627541
EID_9435,0.18816783662743425
EID_1838,0.14694424949235743
EID_15681,0.1944197868239087
EID_17496,0.1690786364870274
EID_8456,0.11292561606558005
EID_23174,0.17161800738769267
EID_8285,0.15395195332879222
EID_6547,0.1763673337209786
EID_23648,0.1272228864296584
EID_7958,0.2348530654838044
EID_19299,0.1697231940579605
EID_8699,0.1653351408511812
EID_14528,0.20899712869301518
EID_23167,0.1890632599643233
EID_25289,0.19447341905039614
EID_12802,0.19288260029336707
EID_15986,0.21574902282723898
EID_3609,0.16017832248225883
EID_2045,0.15347621013040288
EID_1788,0.2532255821439809
EID_22630,0.14995834828026852
EID_10542,0.17555206162262896
EID_13101,0.15205938115012668
EID_5159,0.16643395754476198
EID_18490,0.16690384373938705
EID_25693,0.16143996260658436
EID_20514,0.15020925112167044
EID_3713,0.17522849659984055
EID_11193,0.2069887654871666
EID_6052,0.12960074497705085
EID_6986,0.24360559766541
EID_9104,0.15878846601757918
EID_23058,0.20466019984296338
EID_3156,0.16106073433294024
EID_17660,0.17903898073693836
EID_17514,0.19158522030153322
EID_15370,0.15335113341585613
EID_12207,0.18979397162752776
EID_7351,0.21089147271793876
EID_24727,0.19317485289267297
EID_6356,0.18507707036365978
EID_15421,0.17607563618260522
EID_11772,0.19549830382298478
EID_14071,0.19852683838870086
EID_16359,0.1788461152609896
EID_16919,0.15496901014289255
EID_21496,0.2318188090781722
EID_10564,0.20225712264509754
EID_3773,0.1442439898273545
EID_9484,0.18625684625378697
EID_13601,0.18334485965057387
EID_13843,0.20906828098991792
EID_8774,0.20968593062534172
EID_7542,0.18613352878028888
EID_3388,0.22413932032288472
EID_17949,0.19812442916657216
EID_1815,0.16992826437595893
EID_10479,0.17040783714079077
EID_10722,0.19981272559011828
EID_3427,0.19625262361807394
EID_18205,0.19438255498133064
EID_21650,0.2085311165074244
EID_23124,0.19529930286331393
EID_4294,0.1644048306598407
EID_13366,0.18117134381132424
EID_13957,0.18287186449083237
EID_3578,0.1874787618809668
EID_24105,0.18814813781255152
EID_13186,0.19742722434816443
EID_24214,0.18064486005079497
EID_17251,0.19971460131196134
EID_23225,0.16166559106201947
EID_2152,0.15316373894948615
EID_10625,0.1942958863678366
EID_2044,0.11104847585244629
EID_7201,0.186591466327857
EID_2405,0.22269287124403025
EID_22716,0.19586293103908234
EID_22728,0.19959369552126638
EID_21251,0.1979557234125413
EID_6915,0.18349619832734848
EID_14744,0.19320238997319758
EID_15814,0.17746682423116034
EID_6659,0.2026174442382245
EID_10991,0.19040633246203964
EID_6500,0.1603244302953307
EID_19121,0.18860244175907206
EID_6278,0.2374200352095041
EID_13236,0.18773574694831563
EID_5382,0.1640063026234525
EID_6871,0.2197731599771967
EID_5012,0.16787478565194278
EID_1268,0.2176479723326097
EID_6588,0.16691082079804742
EID_22163,0.18282518194668163
EID_11121,0.23238110271136705
EID_22615,0.16463536707302862
EID_7838,0.2118485399809395
EID_3344,0.14666841486903862
EID_25292,0.21733841981219065
EID_10730,0.22507031661090393
EID_10317,0.19038209689235486
EID_13443,0.2212184665270015
EID_10988,0.19762484301290917
EID_23091,0.255610008103192
EID_1839,0.20290569385770965
EID_13892,0.17891940681472862
EID_1496,0.20315716219127125
EID_15045,0.1626444090437734
EID_3744,0.15230207863997985
EID_13010,0.2274414080741012
EID_9716,0.2231992518659059
EID_2993,0.13626518160702072
EID_23435,0.17189571425988498
EID_8587,0.20411791958759457
EID_22132,0.18160155546195147
EID_21413,0.19588625136979465
EID_11881,0.19704205636897343
EID_19850,0.1960302138564608
EID_18460,0.20181772761872205
EID_17983,0.16889683684138307
EID_14888,0.18154918451670035
EID_14002,0.20312676659773057
EID_13524,0.15722554137595937
EID_4049,0.18660498835249767
EID_6535,0.19159923103868814
EID_10557,0.1806538498789124
EID_1313,0.1747943214766872
EID_12424,0.21512442919282213
EID_8210,0.18184496635535258
EID_22378,0.14682639904869524
EID_19644,0.17169394013060296
EID_8790,0.22109742860432607
EID_5778,0.22431202066290482
EID_23887,0.17770192365222956
EID_16103,0.18494698481290084
EID_20604,0.1586990781423744
EID_17378,0.19384099982829064
EID_5566,0.14299808792767668
EID_24264,0.17757341692562875
EID_7814,0.19542278225623871
EID_1968,0.19225731912744132
EID_10282,0.20508249702157544
EID_13648,0.16953979052797843
EID_22376,0.15778996503142262
EID_3690,0.15222886626936244
EID_17871,0.17417408192941786
EID_19167,0.1675720089461441
EID_5366,0.22963330461257217
EID_16996,0.16739325158786977
EID_1953,0.21998705319615214
EID_8760,0.188075716622247
EID_20448,0.20401829492308413
EID_15787,0.18353133915942094
EID_18982,0.1716650443987008
EID_4388,0.18019223267208895
EID_22325,0.16446825319135816
EID_10189,0.1698876281772089
EID_21162,0.19274942516115479
EID_1032,0.2132094951069655
EID_12045,0.2109396732817595
EID_18324,0.1872022909543741
EID_15085,0.16926822146772327
EID_21927,0.1577410148016653
EID_13325,0.18026403985244532
EID_17801,0.2151566413990579
EID_7678,0.1503117925707923
EID_17469,0.16303159732027425
EID_14318,0.15831328062785266
EID_16439,0.21812958393780388
EID_2307,0.16348074137626628
EID_20011,0.21832109034394365
EID_19381,0.15478713581046488
EID_14043,0.16334646328923458
EID_14774,0.17981292322767511
EID_22982,0.19887341394389024
EID_19092,0.1715480094949673
EID_13137,0.17116618310986942
EID_5738,0.2409850228837294
EID_19661,0.13875683156943988
EID_22570,0.14759670861488042
EID_16393,0.18924241607785292
EID_4256,0.1616790551719531
EID_17873,0.19616603876150063
EID_13832,0.16322053954274401
EID_17617,0.1726378196456976
EID_3106,0.17771142804373558
EID_6567,0.20443255179262576
EID_4727,0.2745764781059541
EID_14518,0.19411560447623089
EID_1070,0.18478849594312574
EID_19385,0.20460983234657437
EID_20032,0.228229312786516
EID_11714,0.21327290925191789
EID_23636,0.1180563667052309
EID_1985,0.2119171846483437
EID_5627,0.1441616423037311
EID_15171,0.17125376928243782
EID_8811,0.16066049551988254
EID_2163,0.21349970808075627
EID_8459,0.15496355304185044
EID_18138,0.1616670552153704
EID_17518,0.19308447695393308
EID_17432,0.17195637320346327
EID_25686,0.14125029048491003
EID_2470,0.19619621030116996
EID_16311,0.20400933229179366
EID_6903,0.19976508608723842
EID_11990,0.2127722101361596
EID_23460,0.19605599957073544
EID_25924,0.19527704450237107
EID_13985,0.188001280678815
EID_5455,0.1962580933058402
EID_13427,0.19323569200761626
EID_24855,0.186927069603828
EID_15532,0.19928441936108643
EID_8953,0.17387258738822903
EID_22683,0.17814085743699543
EID_22493,0.18772710300605028
EID_1451,0.21875213397840892
EID_20796,0.21767649929518074
EID_17281,0.1842998010161619
EID_7767,0.2130711686025124
EID_20838,0.20772540272975545
EID_17235,0.17685829714534368
EID_21615,0.1870355862955699
EID_6972,0.1945779413598397
EID_13930,0.19475853793993964
EID_4188,0.21433672815214552
EID_11277,0.17621068750389002
EID_18053,0.20020047947968952
EID_11288,0.1571383115534283
EID_1148,0.20523865749415743
EID_19216,0.17756827276989431
EID_7660,0.19122922620472016
EID_22805,0.21183203336038808
EID_11931,0.17206774544262096
EID_16921,0.19442378103265717
EID_4993,0.17992506383761536
EID_18070,0.1804738764843088
EID_15648,0.20753885351304177
EID_11404,0.17030911628926332
EID_14248,0.16683023361905053
EID_15424,0.21356261960805442
EID_8039,0.17009983980885263
EID_7094,0.19000599747976166
EID_13161,0.1965442783018877
EID_9293,0.1670087360234809
EID_4351,0.2028994205883104
EID_17259,0.16773878571895703
EID_2681,0.2079221898459061
EID_22123,0.17209524496636802
EID_8528,0.19873211092479523
EID_11798,0.1702006320651387
EID_20265,0.17149209653818367
EID_21396,0.18476238096445805
EID_12220,0.18694569116561344
EID_25722,0.2293042174683496
EID_21719,0.18223627171742818
EID_3506,0.17777625561795452
EID_2139,0.2315007704870532
EID_6562,0.16452087749648112
EID_4353,0.16088297530162662
EID_24392,0.1877328764557566
EID_11238,0.1563127003468427
EID_20617,0.18709385470090478
EID_21473,0.2104271989210133
EID_16837,0.18940114650901474
EID_1800,0.18454605208059635
EID_25849,0.18324012571293072
EID_9395,0.18833305000705958
EID_2415,0.19591392853778306
EID_9286,0.18255952119317884
EID_5081,0.23285294616562965
EID_22546,0.15063881117172362
EID_11932,0.2059394626877332
EID_16292,0.1822999766602601
EID_17882,0.19166391231870766
EID_20889,0.2372165548591944
EID_10031,0.14066720612327935
EID_21576,0.18257816082173423
EID_8256,0.21106491412178596
EID_2614,0.18096483739518138
EID_2098,0.1684738286523477
EID_10242,0.18394458731545743
EID_21993,0.17759062115436675
EID_22664,0.21002950132424356
EID_1919,0.18088438523202938
EID_11629,0.15162528395265149
EID_6840,0.24315031462682718
EID_25493,0.21147039323160213
EID_14968,0.17400086572443102
EID_25313,0.1683501712663392
EID_8035,0.22857778939992066
EID_8969,0.19654602934872775
EID_15223,0.16011502812794293
EID_6266,0.19653270924200497
EID_8184,0.21779316874931418
EID_19480,0.15950104153786082
EID_19076,0.19991988119223633
EID_16339,0.1792592598405192
EID_7963,0.19802624729473478
EID_17427,0.1564325542745209
EID_12641,0.16381265840018192
EID_4122,0.21594156323405939
EID_23659,0.1672247001546891
EID_13486,0.16904848530708555
EID_18423,0.19256319842357636
EID_2181,0.20076989842937243
EID_25490,0.1639146482593461
EID_9211,0.18135861209087228
EID_5237,0.1768277472062864
EID_2418,0.17446022379493598
EID_17716,0.20703742018889792
EID_13837,0.20308975897891124
EID_2840,0.17349839087590932
EID_13004,0.20711502974927798
EID_14429,0.19388090000637032
EID_18915,0.22756104854577372
EID_22415,0.18539964537130849
EID_4304,0.16373456762748131
EID_10753,0.19495761963138095
EID_22612,0.1978344251376269
EID_1857,0.21681253719334337
EID_3566,0.14459556654044992
EID_8545,0.2099850200656755
EID_21685,0.17697069601515467
EID_9946,0.15540843863741258
EID_20447,0.17417255740232507
EID_3887,0.1441800293348932
EID_8351,0.2263472682420563
EID_23889,0.26116855982822273
EID_8248,0.1650423362674056
EID_16621,0.1991389029788743
EID_25138,0.18913557782392187
EID_10004,0.18153143042568137
EID_5522,0.21571931296700225
EID_23416,0.16936506424517744
EID_14897,0.16240848707251043
EID_10840,0.18668179066971438
EID_21716,0.23222215899442855
EID_18484,0.20013597373316744
EID_7402,0.20134133311799127
EID_24854,0.19478831079532516
EID_1610,0.18241893302127993
EID_17592,0.1805516054006566
EID_22128,0.16853935430292127
EID_17304,0.22689074241529267
EID_1508,0.20199676153806334
EID_20492,0.2000743600775734
EID_2324,0.2089311796289391
EID_17093,0.17797382417738492
EID_23356,0.21236743960157198
EID_17895,0.15740042132756543
EID_8186,0.19010704821225946
EID_19358,0.21801446804863625
EID_6030,0.226504987448415
EID_17457,0.15806005497731562
EID_14976,0.1659921628335137
EID_8914,0.18835017785847105
EID_5721,0.17897341171732317
EID_11266,0.20896564821930522
EID_17012,0.16864997038872875
EID_7554,0.20059631972734432
EID_3087,0.1725874495988171
EID_19716,0.15922605605372792
EID_21723,0.2009189540260191
EID_13072,0.20867707914245467
EID_9776,0.20431835067124318
EID_25927,0.21426095360889716
EID_5593,0.16913286874288022
EID_13954,0.212916986022951
EID_16034,0.1647032417193878
EID_1719,0.19748251500540237
EID_23054,0.19044663878119925
EID_15591,0.1592273782645035
EID_5178,0.1244383327639629
EID_24346,0.20055422309683069
EID_21264,0.18105205975743488
EID_3292,0.18547057134416195
EID_14975,0.15916859425609048
EID_9165,0.19476792575342144
EID_23369,0.19194857273233812
EID_18767,0.19496490689368556
EID_10153,0.18333981852294326
EID_2542,0.19980835837172184
EID_23826,0.19226650709232695
EID_20391,0.2190172176025325
EID_8633,0.17012267302970008
EID_5875,0.20385742336145954
EID_12699,0.1821075331445733
EID_12982,0.21206727973087022
EID_16392,0.16137550278576912
EID_8185,0.165380069646792
EID_15462,0.18421882541675097
EID_4853,0.22824390215332938
EID_17622,0.15249354916752778
EID_23074,0.2198251850547523
EID_6390,0.20046802180988854
EID_24539,0.1967319993185001
EID_12963,0.16363185980384204
EID_8649,0.19685925863155582
EID_11810,0.18685443586547085
EID_3598,0.1688988782066951
EID_13511,0.17665597956062004
EID_16014,0.19149983453065783
EID_24791,0.19563623768458183
EID_3417,0.18765280618477784
EID_24668,0.15436368972247563
EID_4508,0.12109145578061986
EID_25150,0.20117494509591063
EID_25934,0.1887003136128737
EID_6308,0.163975143228675
EID_10508,0.23496677166762572
EID_18724,0.1796834302308853
EID_10536,0.1687360965066133
EID_18738,0.15519187410854587
EID_15949,0.17340287536756552
EID_20722,0.20227933711312357
EID_14963,0.20019766068065017
EID_6682,0.16589834288031602
EID_8365,0.18189303239646976
EID_17999,0.2052270002733468
EID_24499,0.1813519702972924
EID_20389,0.20296265197205002
EID_12123,0.22267367300060303
EID_19203,0.16548199354717266
EID_3538,0.2511444245818816
EID_19811,0.1975782310152557
EID_11473,0.17620995955277474
EID_3032,0.1568607479956021
EID_8419,0.19351461126354394
EID_9052,0.19665590870988742
EID_15837,0.20558954748951874
EID_6644,0.1874840195145958
EID_16894,0.21371489421718953
EID_10552,0.1678144237812516
EID_14750,0.1675404757639094
EID_16659,0.15587698661676663
EID_4472,0.13379659718517836
EID_4076,0.17877595032266116
EID_5163,0.1846610644050536
EID_25923,0.1746218832641483
EID_24806,0.16586431958679934
EID_3742,0.1968525170826772
EID_19722,0.15741875058827487
EID_18033,0.19412383408383568
EID_16718,0.2114497797054211
EID_13182,0.2251478758263066
EID_23021,0.22198091712180434
EID_20329,0.18147121523991955
EID_8770,0.1320704610888113
EID_11234,0.22203733273270262
EID_18881,0.2039126685906135
EID_1365,0.23456951036991158
EID_19318,0.19632637548158938
EID_19343,0.17981644883518516
EID_4435,0.21446844488523648
EID_22102,0.16912612186074738
EID_24095,0.13643738673218242
EID_9897,0.24822623649519088
EID_21635,0.17106472503241824
EID_16514,0.181584240970943
EID_1997,0.17557567745836652
EID_10324,0.22366221241280387
EID_6487,0.20002686786741772
EID_21197,0.17120316068010863
EID_19082,0.22821667342188062
EID_17562,0.20822389614762676
EID_8738,0.19065237334040663
EID_13687,0.15551737034081836
EID_19572,0.16984450516045083
EID_24909,0.19896458642110854
EID_21814,0.15248081960133325
EID_12083,0.2076666929534442
EID_25919,0.18143744032474102
EID_19140,0.1645083856276218
EID_23924,0.21789280846471099
EID_1208,0.2307016221508271
EID_18170,0.20307473758796502
EID_18699,0.1815404023392349
EID_1318,0.1770887738602418
EID_14941,0.16043592669746665
EID_6540,0.17265110562026437
EID_20936,0.19520086838803757
EID_9705,0.20873238569501407
EID_24181,0.2289655198148047
EID_22138,0.2073783695831687
EID_23044,0.1896736245344848
EID_9038,0.20173023135879373
EID_3247,0.21067178565853292
EID_19630,0.1513857496246926
EID_8655,0.19502432559173066
EID_10423,0.2172394635034238
EID_3946,0.1729119714862774
EID_16512,0.1795730036706154
EID_12473,0.1828827709218379
EID_11571,0.20128298138519882
EID_14381,0.19709409147298096
EID_12675,0.22508624463718566
EID_1930,0.1541867351343587
EID_20155,0.19598387471680007
EID_22902,0.2044264745299651
EID_24145,0.16952092684008613
EID_5342,0.14912664985941432
EID_8334,0.1717814533824574
EID_25708,0.1793337198146743
EID_19991,0.16715656231207077
EID_5499,0.23903394775816508
EID_5953,0.1926780739671232
EID_7444,0.21347833489451862
EID_6218,0.1914111025483071
EID_12891,0.14918600922619307
EID_16456,0.1863526510921462
EID_20256,0.189644476072763
EID_9959,0.1926891452583838
EID_8845,0.16604383563165695
EID_1662,0.19436183277204416
EID_8739,0.2047302867944003
EID_20695,0.16452738306685544
EID_19446,0.1751540364689475
EID_12441,0.19647920690473675
EID_13066,0.1948249475455912
EID_8911,0.1977507040557771
EID_22200,0.17527690723291472
EID_9689,0.18134964095163722
EID_1668,0.19976523235881258
EID_8120,0.16954944689067644
EID_22777,0.1701395150555985
EID_19141,0.20093971463720334
EID_22674,0.19162309003228822
EID_16121,0.16459145849953039
EID_14662,0.20569817947081692
EID_23290,0.15897246718596358
EID_20144,0.1677921370204299
EID_23052,0.17847812304796293
EID_25575,0.14800711484266596
EID_23724,0.18410908757807817
EID_14759,0.1752339899519594
EID_25209,0.1840290951909786
EID_17753,0.16880962237193625
EID_4693,0.1818599683847176
EID_17284,0.1872802717496409
EID_9131,0.1860121811785448
EID_24625,0.19482674556381457
EID_24912,0.1742975859284463
EID_19612,0.19584934007642357
EID_9147,0.17294009728305987
EID_6891,0.20692744235173055
EID_10639,0.21821445110081716
EID_5880,0.15318750204405718
EID_22547,0.20686295189511894
EID_10066,0.16161429299309973
EID_7126,0.14462861542463615
EID_4929,0.10938082681601624
EID_24750,0.21107169931691147
